SITEID,DAY1,DAY2,DAY3,DAY4,DAY5,DAY6,DAY7,DAY8,DAY9,DAY10,DAY11,DAY12,DAY13,DAY14,DAY15,DAY16,DAY17,DAY18,DAY19,DAY20,DAY21,DAY22,DAY23,DAY24,DAY25,DAY26,DAY27,DAY28,DAY29,DAY30,DAY31,DAY32,DAY33,DAY34,DAY35,DAY36,DAY37,DAY38,DAY39,DAY40,DAY41,DAY42,DAY43,DAY44,DAY45,DAY46,DAY47,DAY48,DAY49,DAY50,DAY51,DAY52,DAY53,DAY54,DAY55,DAY56,DAY57,DAY58,DAY59,DAY60,DAY61,DAY62,DAY63,DAY64,DAY65,DAY66,DAY67,DAY68,DAY69,DAY70,DAY71,DAY72,DAY73,DAY74,DAY75,DAY76,DAY77,DAY78,DAY79,DAY80,DAY81,DAY82,DAY83,DAY84,DAY85,DAY86,DAY87,DAY88,DAY89,DAY90,DAY91,DAY92
50010110000001,2,1,5,4,0,2,3,2,0,0,0,1,3,2,2,0,2,0,4,2,2,3,1,1,2,1,3,0,2,3,4,4,2,3,3,6,6,2,7,5,6,1,2,7,2,4,5,5,7,1,4,1,5,4,2,3,8,3,6,13,5,1,2,1,2,0,2,0,1,4,2,3,1,0,2,1,2,3,4,2,0,3,4,1,4,2,2,0,0,0,0,0
50010110000004,2,1,2,0,1,3,4,0,1,0,1,0,1,3,3,3,0,1,0,1,2,5,2,0,1,2,0,2,1,3,2,2,0,2,8,1,4,3,1,2,1,0,4,4,2,2,1,1,0,7,2,1,0,4,0,6,2,3,1,0,1,0,0,2,1,1,0,0,2,2,4,6,1,0,0,1,1,2,1,0,0,0,1,1,1,0,2,0,0,0,0,0
50010110000005,4,4,0,1,1,1,3,1,0,0,0,0,0,1,0,1,2,0,0,0,2,2,0,3,3,3,0,1,2,0,0,1,1,2,1,2,2,0,0,1,1,4,2,2,2,1,3,2,5,4,2,2,0,1,4,4,3,2,2,3,3,0,0,1,3,1,0,0,0,0,0,2,3,0,0,1,3,0,0,1,0,1,1,5,0,1,0,0,0,0,0,0
50010110000008,0,1,4,4,1,2,2,0,1,2,2,2,1,3,3,0,0,0,2,0,0,1,0,0,2,1,2,0,1,2,0,0,2,4,1,1,0,2,0,2,1,1,1,0,2,0,1,0,1,1,2,0,0,1,0,0,1,2,0,1,1,0,1,1,0,1,0,0,0,2,1,1,1,0,0,2,0,0,0,0,2,0,1,0,0,0,1,0,0,0,0,0
50010110000015,5,5,3,6,6,4,4,1,3,3,7,2,4,8,4,5,7,7,3,2,3,5,6,3,5,9,3,6,5,2,5,7,8,17,10,19,7,12,6,8,6,15,11,10,4,10,15,13,9,14,14,10,11,3,7,7,7,17,11,11,10,3,3,6,8,4,4,5,7,9,8,8,5,2,4,5,2,10,7,5,3,2,6,3,6,7,2,0,0,0,0,0
50010110000016,9,6,6,3,6,7,5,0,1,2,1,1,1,5,11,6,0,1,4,1,4,10,8,1,0,1,2,4,14,6,0,2,3,2,13,11,11,3,1,3,0,6,12,8,0,1,0,3,4,5,8,4,1,0,0,1,8,6,0,1,1,1,9,8,8,2,1,0,1,3,6,7,0,2,0,1,3,8,3,0,2,1,2,3,2,4,2,0,0,0,0,0
50010110000020,4,6,0,3,3,3,5,0,0,2,0,3,0,0,1,2,0,0,0,1,1,3,3,1,0,1,0,1,2,4,1,2,1,0,5,5,8,0,3,0,0,8,1,1,1,0,1,3,8,1,8,2,6,2,4,2,6,1,2,4,0,1,5,3,3,1,0,0,0,2,3,1,0,0,0,1,0,2,5,1,1,0,2,1,0,8,3,0,0,0,0,0
50010110000028,3,5,6,2,3,2,2,4,3,1,1,4,5,2,2,2,5,3,4,1,3,1,4,3,3,2,4,1,2,4,2,6,7,3,7,6,8,9,3,5,4,11,1,6,12,5,4,9,6,7,4,7,5,6,6,3,8,6,3,2,3,0,2,5,1,4,3,4,4,2,2,3,2,2,2,2,2,3,2,2,3,2,0,3,3,3,3,0,0,0,0,0
50010110000029,7,6,3,2,3,2,5,3,2,5,5,6,3,3,5,4,2,1,5,5,5,6,4,2,4,2,3,7,4,3,3,3,10,6,15,16,8,8,6,3,2,2,6,9,6,6,6,13,11,10,12,5,4,3,5,3,9,5,4,3,7,1,3,2,3,1,1,2,4,2,2,3,1,3,3,2,2,3,3,3,2,3,3,0,2,3,3,0,0,0,0,0
50010110000030,2,0,4,0,1,0,1,1,3,4,1,2,1,1,5,1,2,2,0,1,1,2,1,1,3,5,1,3,2,3,2,2,3,0,5,4,5,6,6,4,2,0,1,3,0,6,4,4,1,6,3,1,2,4,1,1,5,4,4,2,4,1,4,1,2,2,2,2,2,1,2,2,3,1,2,1,0,1,2,2,1,2,1,1,1,1,0,0,0,0,0,0
50010110000031,2,0,0,0,0,0,1,0,3,1,0,0,1,0,1,2,1,0,0,1,3,3,1,0,2,2,2,3,2,1,0,2,0,0,4,1,0,4,1,3,5,5,1,5,3,2,2,1,3,2,2,3,1,1,2,5,3,2,2,3,2,1,0,0,0,2,1,1,2,1,1,1,1,1,0,0,0,0,0,0,0,0,0,0,0,0,0,0,0,0,0,0
50010110000033,7,2,4,5,6,4,2,6,4,6,2,3,3,3,2,4,5,2,2,1,3,2,6,7,3,4,5,2,4,7,2,8,6,8,5,4,8,10,5,12,8,12,11,1,9,5,8,6,8,9,8,5,4,4,7,4,7,9,4,6,9,3,5,7,1,2,1,5,3,1,7,4,5,4,6,2,5,0,3,2,2,2,3,2,6,2,3,0,0,0,0,0
50010110000041,5,4,2,3,4,3,3,1,2,3,2,1,3,9,4,5,3,4,1,3,2,3,3,1,1,1,2,1,2,1,2,2,4,1,6,4,6,3,3,2,3,6,4,4,3,1,3,5,5,4,4,4,2,2,5,1,3,4,8,3,0,1,1,1,1,2,1,3,1,2,3,3,2,1,5,2,0,0,3,2,1,2,0,3,2,2,0,0,0,0,0,0
50010110000044,1,2,3,2,1,4,10,5,0,7,3,6,2,2,5,3,5,1,2,5,4,6,8,6,3,2,5,5,4,2,3,5,3,3,1,6,10,9,9,9,8,10,9,8,5,1,7,6,8,13,9,8,5,2,4,8,16,4,2,6,15,5,3,7,0,4,2,3,4,4,0,4,2,5,1,3,7,3,2,2,1,0,3,3,8,4,3,0,0,0,0,0
50010110000046,1,6,5,0,5,4,5,2,4,3,2,1,4,5,5,2,2,1,3,3,3,7,2,0,3,2,2,5,3,5,4,4,9,4,9,14,12,9,13,5,2,10,9,11,5,9,8,6,7,9,6,1,4,3,5,7,4,12,9,3,10,2,2,8,3,4,2,3,6,3,6,7,3,0,1,3,4,6,3,2,4,4,4,1,2,3,1,0,0,0,0,0
50010110000048,10,3,5,5,6,6,6,4,4,3,1,1,1,3,3,0,1,0,4,3,1,4,0,0,4,1,4,4,4,3,2,4,4,5,4,4,7,4,9,4,5,6,10,2,2,4,7,4,6,3,4,4,6,2,4,8,5,3,0,2,4,2,4,2,0,3,1,0,2,2,1,3,0,3,0,2,1,2,3,0,0,0,1,0,1,1,4,0,0,0,0,0
50010110000052,4,2,5,3,5,4,3,3,2,2,3,6,4,6,2,4,11,3,9,6,3,9,5,4,2,4,6,3,3,7,8,8,6,13,10,9,12,11,8,16,14,22,10,14,9,8,8,9,10,5,9,11,4,13,14,12,2,9,11,13,15,4,7,4,4,4,2,5,10,3,7,3,3,7,7,3,7,9,2,3,1,6,4,8,5,6,7,0,0,0,0,0
50010110000053,1,0,1,0,2,2,0,2,0,1,2,1,5,3,0,0,1,1,1,0,1,1,3,2,1,2,2,1,5,2,1,2,0,0,2,1,1,2,6,0,3,1,3,3,1,1,1,4,3,2,1,1,2,4,3,4,4,0,2,3,1,2,2,3,1,0,0,0,0,0,1,2,1,1,1,0,2,0,2,1,1,1,2,3,1,1,0,0,0,0,0,0
50010110000058,2,0,4,2,4,2,4,1,1,2,2,1,4,3,5,2,1,2,2,6,0,4,5,1,2,3,2,4,5,6,1,3,5,3,3,10,5,9,6,2,3,9,4,6,9,4,4,3,3,10,11,4,12,8,8,13,6,7,5,6,5,2,3,4,6,4,2,5,3,0,8,3,3,6,5,3,5,1,2,1,4,3,3,4,7,3,1,0,0,0,0,0
50010110000068,2,2,1,1,2,4,6,0,3,0,0,4,5,3,4,7,1,2,2,2,0,3,1,0,1,1,3,2,4,0,0,3,1,4,0,4,4,3,2,5,3,6,4,5,1,5,2,3,4,6,6,4,7,5,2,7,3,6,4,2,3,4,4,0,0,0,3,3,2,4,1,2,0,1,2,1,0,2,0,2,3,0,1,3,3,3,2,0,0,0,0,0
50010110000070,0,0,0,0,0,0,0,1,0,0,0,0,0,0,0,0,1,1,4,1,1,1,1,0,0,0,2,1,0,2,1,1,3,1,2,4,0,1,0,0,1,0,1,4,2,0,2,1,2,2,1,1,0,2,1,2,1,0,2,2,1,1,0,0,0,0,0,1,1,1,2,2,1,1,1,2,0,1,0,0,1,1,0,3,0,0,1,0,0,0,0,0
50010110000077,4,2,3,2,0,2,4,4,7,1,3,5,1,1,1,0,2,5,2,2,2,4,7,6,4,4,3,6,4,3,2,7,6,5,9,2,4,5,7,6,2,10,3,3,5,3,7,4,9,6,7,8,7,0,4,9,5,8,3,4,7,6,6,3,1,3,4,1,2,6,4,5,5,4,5,4,6,4,4,1,2,2,2,1,0,1,2,0,0,0,0,0
50010110000084,6,8,6,3,1,4,5,2,2,2,9,0,3,3,5,5,1,1,0,1,0,1,0,2,0,2,3,4,6,3,6,5,7,4,5,14,12,4,5,5,6,1,10,14,6,6,11,12,7,15,9,13,11,9,3,16,7,6,4,5,9,0,2,5,4,3,1,1,5,4,6,7,3,6,4,1,3,5,3,1,2,1,2,2,2,3,2,0,0,0,0,0
50010110000091,2,0,5,4,2,3,6,1,4,0,0,0,4,2,3,3,2,1,0,1,3,0,5,1,1,1,2,2,1,0,3,0,2,1,3,5,8,4,1,3,0,7,1,11,14,3,0,2,7,1,1,1,0,0,2,0,4,6,4,0,0,1,2,2,2,0,0,0,2,1,3,2,1,2,1,0,3,6,2,0,5,0,1,1,2,0,0,0,0,0,0,0
50010110000099,2,4,6,1,4,3,9,7,1,3,0,3,0,1,3,2,4,0,3,1,3,9,6,3,2,2,4,6,8,6,1,5,1,3,9,21,5,2,8,4,1,5,16,11,4,9,8,5,1,12,17,7,1,4,4,8,13,14,3,0,6,1,5,7,9,1,5,6,2,1,9,10,6,3,4,3,4,6,13,2,2,0,3,0,8,5,3,0,0,0,0,0
50010110000103,1,2,3,5,1,3,4,3,1,0,1,2,3,6,5,4,3,4,2,1,4,4,2,1,1,2,3,4,2,3,1,3,6,4,3,2,5,4,5,10,6,3,6,2,6,5,7,3,2,4,3,2,5,4,3,3,3,6,3,4,10,1,1,6,2,3,3,1,2,3,3,3,3,1,4,2,1,4,3,2,4,2,3,4,2,0,0,0,0,0,0,0
50010110000105,3,3,7,4,7,5,6,4,4,2,3,3,1,2,2,2,3,2,2,2,4,2,4,0,1,4,0,1,3,1,0,3,4,7,6,7,4,6,1,3,2,8,2,5,3,5,7,1,4,5,7,3,10,5,5,8,2,6,5,3,3,7,2,3,1,2,1,0,2,3,1,5,2,2,6,3,6,2,1,0,3,0,1,1,2,1,6,0,0,0,0,0
50010110000107,6,3,3,2,5,5,6,8,9,5,8,4,2,4,4,7,6,9,3,8,4,5,2,1,4,2,5,3,3,2,7,9,11,13,16,5,6,8,13,10,5,12,8,8,8,8,9,14,10,7,8,9,14,8,12,9,8,4,10,7,4,2,4,8,7,3,1,7,4,4,4,3,5,9,10,4,6,3,5,3,3,2,4,4,7,4,6,0,0,0,0,0
50010110000111,2,3,4,2,3,6,3,2,4,7,2,1,4,0,4,8,2,5,4,2,6,9,2,3,1,4,5,7,9,1,3,8,10,8,8,22,15,7,9,11,10,6,10,9,12,0,7,5,8,11,14,11,3,9,5,5,9,13,2,5,7,4,5,9,3,4,1,2,3,1,4,6,3,1,1,3,3,9,6,3,1,0,1,5,2,7,5,0,0,0,0,0
50010110000120,6,6,6,5,3,4,6,3,2,3,6,5,5,3,8,5,5,4,4,7,8,6,8,6,1,4,3,5,12,9,3,4,4,3,8,10,8,5,7,13,5,8,9,11,4,13,6,12,12,10,10,8,3,5,3,10,17,13,2,8,12,2,3,9,3,4,3,1,3,8,12,4,4,9,7,8,4,11,9,3,5,1,6,5,14,8,5,0,0,0,0,0
50010110000123,4,2,1,4,1,1,3,0,1,0,1,2,2,1,2,1,0,2,0,1,3,3,0,3,6,1,2,1,2,1,1,4,3,4,6,2,1,3,1,2,3,3,3,0,2,2,1,2,5,4,2,2,5,2,2,6,3,4,2,6,5,3,0,3,0,4,3,3,0,1,2,4,0,1,0,0,1,1,5,2,2,0,1,1,3,1,2,0,0,0,0,0
50010110000128,3,8,5,4,5,9,3,2,4,3,3,2,3,2,3,2,5,2,5,3,3,3,5,4,1,3,2,3,8,1,1,3,7,4,10,20,9,7,0,7,7,9,9,12,5,7,4,10,5,3,10,8,4,4,8,5,13,10,7,3,6,1,2,7,2,4,2,3,1,1,6,6,2,3,2,3,1,4,2,6,1,1,2,5,5,0,6,0,0,0,0,0
50010110000137,2,2,1,1,4,4,2,2,1,4,1,2,0,0,3,2,2,3,0,0,1,1,4,1,5,2,2,1,5,2,1,2,7,1,5,8,7,14,9,4,10,11,13,3,4,7,8,7,4,7,3,5,6,5,5,8,4,5,9,0,5,2,4,5,4,0,3,5,1,4,4,7,6,7,1,4,1,1,1,0,2,8,1,1,1,1,2,0,0,0,0,0
50010110000139,1,1,1,6,1,0,6,0,0,3,3,1,2,1,3,2,2,2,1,0,3,0,4,2,5,1,0,2,2,0,1,4,8,2,6,4,6,3,3,2,3,4,5,6,2,3,2,3,5,8,5,4,6,1,7,8,6,2,1,4,4,3,1,6,1,5,3,0,4,3,3,4,2,2,3,3,6,4,0,6,0,3,3,2,4,3,3,0,0,0,0,0
50010110000142,0,0,5,5,2,2,0,7,4,0,0,1,1,4,5,2,2,1,2,4,1,3,2,2,1,0,1,1,8,0,1,3,1,1,5,5,9,3,0,1,4,8,7,5,1,2,5,9,8,3,8,2,4,4,0,5,7,6,5,5,3,0,2,2,6,1,2,4,2,0,0,2,3,4,2,2,2,3,5,2,2,0,4,4,3,4,2,0,0,0,0,0
50010110000144,0,3,2,1,0,0,2,1,2,0,0,1,3,1,1,0,1,2,3,1,1,4,1,0,0,3,1,4,2,2,2,1,3,3,2,1,0,1,3,1,1,0,8,3,3,2,3,2,3,1,2,4,1,2,2,5,4,2,1,2,2,0,1,2,0,0,4,1,0,2,0,2,1,0,0,2,1,0,1,0,1,0,2,2,3,0,2,0,0,0,0,0
50010110000145,7,10,1,6,6,5,5,2,1,1,2,0,0,4,6,5,2,2,1,1,2,5,4,1,0,0,1,1,4,2,1,1,1,1,4,5,5,1,2,2,1,2,6,6,4,0,3,4,7,3,8,4,3,0,2,1,14,8,1,3,1,0,6,3,5,1,2,1,0,1,6,3,1,0,1,0,4,3,4,0,2,0,0,5,5,2,2,0,0,0,0,0
50010110000150,3,4,0,2,4,3,2,2,4,2,1,2,3,2,1,2,3,1,3,2,3,8,2,4,5,1,2,7,2,8,3,8,3,3,11,4,8,2,3,9,6,5,4,4,4,4,5,10,10,7,7,3,9,3,5,5,5,5,5,4,4,3,1,5,2,3,0,1,4,3,5,2,1,1,0,1,1,2,0,3,2,0,3,5,2,4,4,0,0,0,0,0
50010110000152,5,4,3,4,4,4,3,0,1,3,2,1,2,4,3,0,3,4,1,3,2,2,1,2,0,4,0,2,5,0,2,3,6,6,9,6,5,4,5,1,0,6,8,7,0,4,3,5,10,17,7,4,7,8,6,4,7,8,2,4,1,2,5,3,4,1,3,4,4,4,3,2,4,4,4,3,4,2,7,1,7,1,3,5,6,3,3,0,0,0,0,0
50010110000153,12,13,8,6,9,10,8,7,5,1,4,9,5,10,10,13,4,5,3,2,4,15,3,3,2,2,3,4,15,11,3,6,2,10,19,21,16,8,2,6,6,16,30,15,6,8,6,6,14,21,9,6,8,4,2,11,26,25,5,7,18,4,15,7,3,3,5,6,2,5,8,6,1,8,11,5,6,12,10,10,5,5,3,4,10,12,8,0,0,0,0,0
50010110000154,6,8,8,8,7,6,5,3,4,5,5,7,3,9,5,3,6,5,11,6,8,6,2,6,4,7,7,10,7,6,7,5,12,11,7,7,7,6,16,8,7,12,10,3,12,9,10,4,11,10,14,15,14,12,9,9,10,12,11,11,9,3,12,6,5,2,9,7,7,7,9,11,2,4,7,8,7,4,5,3,6,3,6,2,4,10,5,0,0,0,0,0
50010110000156,4,4,4,7,2,2,1,2,1,1,2,3,9,6,1,3,4,4,2,4,2,3,3,2,6,2,3,2,3,1,1,6,1,10,6,11,4,2,3,8,6,4,7,6,4,2,4,10,14,6,5,2,4,5,5,3,4,3,2,4,2,2,2,2,1,1,5,1,1,3,6,3,2,2,2,2,1,2,0,3,0,0,8,4,3,1,1,0,0,0,0,0
50010110000158,4,3,2,2,4,2,1,2,1,2,1,2,6,9,3,2,3,2,1,4,9,2,4,2,8,4,3,4,4,1,2,11,8,12,4,11,5,5,5,3,13,10,9,5,4,3,4,13,14,5,7,5,8,5,7,6,7,5,4,7,4,6,2,4,2,3,3,1,2,3,2,0,3,0,5,5,3,5,1,3,3,1,8,5,4,1,1,0,0,0,0,0
50010110000159,3,1,3,3,2,4,3,2,4,2,5,3,3,4,7,4,7,4,3,5,2,5,5,6,4,5,4,6,1,2,4,7,9,5,7,8,3,4,7,8,2,8,9,3,6,7,8,6,4,3,9,2,4,7,9,10,8,4,8,6,4,3,1,6,2,7,1,1,1,2,6,4,1,2,3,2,3,2,5,3,4,4,2,2,4,2,1,0,0,0,0,0
50010110000160,13,6,6,5,6,3,3,2,2,2,1,1,1,4,3,4,1,1,1,1,1,4,1,1,0,1,1,1,1,2,1,1,0,3,2,8,6,4,2,0,3,4,9,4,12,0,5,3,3,11,2,2,0,0,2,3,12,3,1,2,3,2,7,10,3,0,0,0,3,2,0,5,0,1,2,3,1,2,4,1,0,1,1,0,3,4,1,0,0,0,0,0
50010110000161,3,3,5,3,10,2,4,6,2,4,7,3,5,16,6,8,4,1,0,4,7,9,7,4,3,2,2,9,7,4,2,3,1,0,10,8,23,3,4,5,6,11,13,8,2,4,10,9,9,3,15,5,7,4,7,19,15,16,9,7,5,1,8,7,3,1,0,2,0,3,5,5,1,0,0,1,3,5,5,2,3,2,4,4,4,8,3,0,0,0,0,0
50010110000162,3,5,1,3,0,4,1,5,3,1,3,1,1,3,3,3,1,0,0,2,5,6,6,2,4,2,1,6,4,4,0,3,2,3,1,7,8,4,2,7,0,7,4,7,7,5,3,7,2,3,5,2,2,5,1,6,10,6,9,5,5,3,4,4,3,3,2,0,2,2,4,3,2,0,1,4,4,3,5,4,0,1,1,0,1,6,3,0,0,0,0,0
50010110000163,6,3,2,6,2,8,7,3,4,3,7,4,2,5,8,8,8,2,3,6,8,7,8,4,3,1,7,16,7,10,0,12,8,11,23,9,14,3,6,10,10,11,13,9,6,3,14,13,15,12,10,4,1,5,4,7,20,15,3,5,4,1,9,8,9,4,1,9,2,7,8,7,2,3,1,5,8,9,11,2,3,2,1,11,7,5,5,0,0,0,0,0
50010110000165,1,2,1,0,0,2,1,5,4,5,4,5,2,2,1,3,1,3,2,3,5,2,5,2,5,2,2,2,2,0,0,1,2,7,3,3,5,1,4,2,4,3,1,6,1,3,4,4,7,2,5,6,5,5,4,4,1,1,4,4,4,1,2,3,3,2,1,0,0,0,4,3,1,3,1,1,1,0,0,0,0,0,0,2,4,1,1,0,0,0,0,0
50010110000166,2,1,3,4,3,4,3,5,1,1,3,1,2,1,3,2,2,2,2,2,3,6,3,1,7,0,5,3,2,3,4,6,5,5,9,3,5,9,5,3,9,5,2,10,6,3,4,9,6,7,16,6,5,5,9,8,9,5,10,12,7,2,5,3,5,1,5,2,2,4,4,2,8,5,3,3,4,8,1,2,3,2,5,2,3,0,4,0,0,0,0,0
50010110000167,6,15,6,10,11,14,9,4,6,11,5,8,13,11,14,9,4,9,9,10,7,5,3,3,1,9,12,7,10,5,5,19,16,24,20,24,13,8,16,9,22,14,22,7,8,6,8,20,21,12,6,8,4,10,8,14,8,4,6,11,20,5,6,4,5,1,5,4,8,8,9,2,3,1,5,7,13,13,5,3,2,6,8,3,6,0,8,0,0,0,0,0
50010110000173,0,0,0,0,0,0,0,0,0,0,0,0,0,0,0,1,0,1,0,2,1,3,0,2,1,0,1,0,0,2,5,2,3,3,3,5,0,1,1,4,4,2,5,1,1,5,4,5,5,3,0,5,1,2,1,3,3,2,3,5,4,1,2,0,1,1,2,3,1,0,3,1,1,0,1,2,2,0,1,0,1,1,1,1,1,3,0,0,0,0,0,0
50010110000176,1,5,3,5,3,3,1,1,0,1,0,0,0,3,3,3,1,0,2,1,2,7,4,2,1,0,1,1,2,1,4,1,1,2,7,11,10,4,1,3,1,4,14,3,2,3,1,2,6,2,12,2,5,5,1,5,10,7,2,2,2,1,1,5,3,0,0,1,3,4,1,2,0,1,0,2,1,1,4,0,0,0,4,4,2,3,3,0,0,0,0,0
50010110000180,1,0,0,3,0,2,2,3,2,2,3,1,2,2,1,2,1,1,1,3,2,0,2,2,0,0,0,2,0,2,1,0,2,3,2,7,4,4,3,4,6,5,1,6,2,4,2,1,4,1,1,2,3,5,2,4,2,3,1,6,0,1,0,2,1,1,0,2,0,3,1,2,3,2,1,1,0,0,1,1,1,2,3,3,1,1,2,0,0,0,0,0
50010110000181,2,1,0,3,3,1,3,2,2,1,3,4,1,1,1,1,1,3,0,1,2,4,3,1,1,2,1,1,2,5,1,1,4,4,4,1,0,4,3,8,5,2,12,4,4,4,6,2,2,6,2,3,4,4,2,2,1,4,2,4,6,1,2,3,2,0,2,2,1,1,2,2,2,3,1,2,1,3,1,4,3,1,2,0,1,3,3,0,0,0,0,0
50010110000182,2,0,0,1,4,3,0,3,1,0,1,4,0,2,2,1,1,1,3,0,0,3,5,3,1,2,2,1,1,3,3,4,3,5,3,3,3,3,6,1,3,6,4,4,3,3,2,3,6,3,1,4,2,3,4,4,4,1,2,0,1,0,1,1,2,2,0,1,1,0,1,0,2,1,0,0,0,1,1,0,0,1,0,0,0,2,0,0,0,0,0,0
50010110000184,0,0,0,0,0,2,0,1,2,0,1,0,0,0,3,2,2,1,1,1,1,0,2,1,0,1,2,1,1,3,4,3,2,2,3,3,5,2,0,4,1,2,5,4,6,1,1,0,3,2,5,1,0,1,3,0,0,1,2,1,1,1,1,1,3,2,1,1,2,0,1,2,1,0,2,0,1,1,0,2,0,1,2,2,3,0,1,0,0,0,0,0
50010110000186,7,11,16,11,8,13,14,14,1,6,6,3,10,13,9,3,6,1,5,4,12,24,9,3,5,7,5,18,22,4,0,7,17,8,25,30,24,11,18,7,11,22,23,35,10,9,9,10,10,27,10,3,3,2,2,8,28,12,3,7,5,10,7,13,5,3,8,1,4,9,22,7,1,6,1,5,16,14,4,3,4,1,2,10,15,12,6,0,0,0,0,0
50010110000187,0,1,1,2,1,1,0,1,0,0,0,1,0,1,1,5,0,2,4,2,0,2,1,1,1,3,0,0,0,5,0,0,1,2,1,0,6,1,3,2,2,6,4,4,3,2,1,2,1,2,2,6,0,1,1,4,8,4,1,6,6,0,5,1,0,1,0,0,2,2,3,0,2,1,1,1,2,3,1,0,0,0,0,3,1,1,1,0,0,0,0,0
50010110000189,2,2,4,1,0,2,3,3,1,6,0,2,0,2,1,1,1,1,5,2,1,0,3,1,3,0,1,2,3,1,1,2,1,1,3,2,5,2,2,7,6,6,4,1,3,4,0,2,1,3,1,3,3,7,3,4,5,1,2,1,3,1,0,1,1,1,3,1,0,2,2,0,0,3,3,1,2,1,6,2,3,2,1,1,3,2,0,0,0,0,0,0
50010110000196,8,4,0,2,2,5,7,1,3,4,2,3,3,4,7,3,3,4,3,9,1,5,4,6,5,5,3,7,2,1,3,6,10,12,12,6,7,8,9,8,13,7,10,11,8,10,9,15,16,16,5,6,10,6,4,14,7,5,7,9,9,5,5,7,2,3,2,4,5,4,9,4,5,3,2,6,1,9,3,1,4,0,2,3,1,4,2,0,0,0,0,0
50010110000197,6,6,4,2,10,4,5,1,1,2,3,8,7,3,1,5,7,3,3,2,5,4,5,1,4,4,4,6,3,2,2,5,10,10,21,10,13,9,5,10,5,8,8,12,4,10,11,9,7,14,7,10,16,6,7,9,8,11,9,9,9,3,5,9,2,2,6,4,0,4,5,2,3,3,2,3,4,6,7,3,6,4,8,2,7,6,4,0,0,0,0,0
50010110000198,0,2,0,0,1,0,1,1,0,0,0,0,0,0,1,0,1,0,1,0,2,0,1,1,1,0,0,1,0,0,2,0,1,4,0,3,1,4,1,1,0,0,3,0,1,0,5,3,1,2,3,6,0,7,2,3,1,3,2,1,1,0,0,0,1,0,1,1,0,3,1,0,1,0,1,0,0,0,3,1,0,0,0,0,0,1,0,0,0,0,0,0
50010210000001,32,20,30,18,14,10,6,4,0,4,2,3,3,2,10,9,0,4,4,1,12,12,10,1,3,6,6,7,19,12,4,10,10,11,16,37,19,8,12,11,5,22,67,18,3,7,8,7,36,82,35,7,13,12,10,37,76,53,12,15,8,0,7,21,15,6,8,3,6,9,39,7,5,5,8,3,17,15,6,4,5,7,3,9,30,13,6,0,0,0,0,0
50010210000004,6,3,4,0,4,7,2,0,0,2,1,3,2,4,5,1,0,0,1,0,0,4,6,2,1,2,1,1,2,5,1,2,1,1,3,5,5,1,1,1,4,4,7,9,2,0,2,4,4,12,9,1,1,1,1,6,13,7,0,4,3,0,0,5,1,2,0,2,2,3,2,6,3,2,0,1,1,5,3,2,0,1,2,1,8,6,0,0,0,0,0,0
50010210000011,0,0,2,0,1,1,3,0,0,1,2,2,2,1,3,0,2,1,1,1,1,9,3,1,2,0,0,2,4,2,3,2,5,3,0,7,12,0,5,2,2,4,5,4,2,4,0,1,4,26,4,5,0,1,4,2,15,4,5,4,1,1,0,8,0,0,1,0,1,2,2,4,3,0,1,3,1,4,2,0,1,1,1,6,0,2,2,0,0,0,0,0
50010210000015,9,5,4,3,4,5,4,6,6,4,3,8,10,4,9,6,5,7,9,5,2,14,1,0,0,0,0,0,0,0,0,0,0,0,0,0,0,0,0,0,0,0,0,0,0,0,0,0,0,0,0,0,0,0,0,0,0,0,0,0,0,0,0,0,0,0,0,0,0,0,0,0,0,0,0,0,0,0,0,0,0,0,0,0,0,0,0,0,0,0,0,0
50010210000026,2,2,2,2,4,4,5,5,4,4,1,1,4,3,6,4,3,3,1,0,5,7,6,4,3,3,4,5,4,3,1,4,6,4,9,17,6,1,7,2,1,5,7,5,5,4,2,4,4,13,13,3,3,2,8,5,11,12,3,2,3,3,1,6,5,2,1,3,0,1,6,3,0,4,2,2,4,4,5,1,2,1,1,4,5,5,3,0,0,0,0,0
50010210000036,13,6,9,6,6,4,5,2,2,1,5,6,1,9,1,5,3,3,4,6,7,11,9,3,0,0,0,0,0,0,0,0,0,0,0,0,0,0,0,0,0,0,0,0,0,0,0,0,0,0,0,0,0,0,0,0,0,0,0,0,0,0,0,0,0,0,0,0,0,0,0,0,0,0,0,0,0,0,0,0,0,0,0,0,0,0,0,0,0,0,0,0
50010210000041,14,9,8,11,6,6,3,1,6,6,8,7,3,11,8,7,6,9,6,7,5,7,6,7,7,4,10,7,8,10,2,10,13,12,17,17,14,12,9,8,4,16,17,15,11,5,11,10,17,10,18,16,14,13,20,13,22,20,12,21,18,8,7,4,5,7,3,6,6,8,12,5,7,3,4,6,12,7,5,5,3,4,2,9,10,11,7,0,0,0,0,0
50010210000049,5,6,6,5,5,11,5,2,5,5,2,2,4,5,4,3,1,2,1,4,6,7,11,3,5,1,0,7,4,3,7,6,5,5,5,7,11,4,9,5,11,8,9,18,6,4,5,2,3,11,8,7,3,4,14,4,6,8,7,10,5,5,4,6,4,3,5,5,5,3,6,14,1,4,3,0,3,5,6,6,2,1,1,2,6,5,5,0,0,0,0,0
50010210000053,5,2,11,3,4,5,4,2,2,1,1,4,1,3,8,8,4,3,3,1,4,8,9,2,5,3,4,6,10,5,7,6,3,7,6,15,13,5,4,7,4,13,16,12,6,7,1,2,8,16,12,4,7,3,4,13,10,9,10,8,8,0,2,10,7,2,2,3,5,0,2,5,1,0,2,3,3,8,3,2,1,0,0,3,1,8,3,0,0,0,0,0
50010210000057,5,2,0,1,2,2,1,0,5,1,1,0,1,0,4,0,0,1,0,1,0,3,1,2,0,0,0,3,0,2,0,1,3,5,5,7,5,2,3,4,5,2,5,4,2,3,9,5,3,2,7,3,4,5,4,3,3,8,10,2,4,3,1,4,4,0,1,2,3,5,3,1,1,4,4,4,3,3,2,3,1,2,1,1,3,2,3,0,0,0,0,0
50010210000059,18,14,16,16,14,10,11,5,7,7,10,6,7,14,12,15,8,14,5,10,8,16,11,13,6,7,18,17,19,28,11,17,24,22,28,34,35,13,18,20,30,32,51,29,19,32,20,22,32,43,38,17,20,21,19,30,36,39,18,15,24,9,10,18,18,11,8,10,14,11,22,12,14,11,12,7,16,22,19,13,8,4,8,14,20,12,16,0,0,0,0,0
50010210000061,2,5,6,2,3,0,2,2,3,1,4,1,2,1,3,5,2,4,1,3,3,3,2,5,1,5,2,11,6,5,2,9,6,5,12,11,5,7,7,2,4,11,13,5,2,2,9,6,4,13,7,3,3,4,4,4,3,4,3,10,9,3,4,2,1,3,3,3,4,4,6,1,2,2,8,4,3,4,2,3,1,1,2,0,2,1,1,0,0,0,0,0
50010210000062,26,22,23,17,20,22,23,8,12,13,10,4,11,18,28,24,16,12,13,13,16,11,23,9,20,12,15,24,15,34,4,20,19,25,36,48,32,24,18,18,27,29,43,53,18,19,20,29,41,58,54,34,15,21,26,38,47,61,18,23,25,12,19,27,24,10,20,10,9,20,31,15,17,8,12,17,20,30,27,18,11,2,13,9,36,19,6,0,0,0,0,0
50010210000065,4,4,9,5,3,1,1,1,6,7,5,2,2,3,7,2,4,3,3,1,5,4,2,4,2,4,4,6,5,6,1,6,9,6,5,17,25,15,3,10,11,13,8,13,9,8,6,5,10,8,14,5,7,9,4,6,10,12,7,8,11,5,4,1,4,2,0,4,3,6,1,4,1,7,7,10,2,6,1,5,2,2,4,3,9,0,0,0,0,0,0,0
50010210000067,16,17,10,17,13,19,20,7,5,7,3,4,6,14,20,10,4,3,8,8,8,23,24,4,2,8,7,25,23,26,9,15,12,6,26,46,34,10,13,13,7,19,45,35,8,10,9,8,43,32,29,11,10,19,11,14,43,40,13,12,8,4,9,24,15,2,4,6,4,10,18,12,4,8,7,2,12,19,20,6,8,3,2,9,13,12,2,0,0,0,0,0
50010210000068,0,0,0,0,0,0,0,0,0,0,0,0,0,0,0,0,0,0,0,0,0,0,0,0,0,0,0,0,0,0,0,0,0,0,0,0,0,0,0,0,0,0,0,0,0,0,0,0,0,0,0,0,0,0,0,0,7,11,6,2,4,5,4,4,3,4,4,3,1,10,3,3,1,7,5,4,3,6,1,2,2,1,2,2,5,4,3,0,0,0,0,0
50010210000071,11,7,8,8,10,14,9,4,6,5,3,3,1,5,8,11,4,1,3,3,3,7,7,8,3,7,3,8,13,9,2,15,5,6,8,13,5,6,7,7,8,12,20,18,6,5,2,4,14,21,14,4,5,8,8,12,15,21,2,4,4,1,3,8,8,1,3,5,2,3,11,3,6,9,7,5,6,6,6,5,2,1,1,2,9,8,6,0,0,0,0,0
50010210000073,8,4,7,3,6,4,4,3,5,5,4,5,3,6,3,5,5,3,3,2,4,6,4,3,3,4,4,1,5,2,3,4,3,8,5,10,6,4,5,9,10,6,6,6,5,8,13,4,13,7,15,11,7,11,8,8,17,6,5,7,5,4,5,3,6,3,5,5,2,5,4,6,3,4,4,3,4,4,1,2,5,3,2,3,2,5,0,0,0,0,0,0
50010210000079,7,9,13,13,8,7,12,1,1,2,2,1,4,6,20,11,1,1,2,3,12,13,6,2,0,0,1,11,10,10,4,2,6,4,3,23,14,1,2,6,4,5,7,18,4,11,3,4,8,5,14,3,3,3,2,10,23,8,4,5,2,4,10,8,5,2,3,1,0,5,11,5,3,4,5,2,0,7,4,2,0,0,1,1,3,8,1,0,0,0,0,0
50010210000086,1,2,3,3,1,7,7,1,1,0,1,1,0,1,1,1,1,0,0,2,1,3,0,1,0,1,2,5,3,3,2,8,4,2,5,2,4,3,1,1,10,20,2,6,0,3,1,0,4,4,4,3,1,4,10,8,16,2,1,1,4,2,4,1,1,1,2,1,1,2,5,4,0,2,0,0,5,3,0,2,0,1,4,5,4,3,2,0,0,0,0,0
50010210000087,20,7,10,13,16,12,6,2,5,2,2,2,7,9,10,8,5,6,3,6,6,9,8,2,2,4,3,4,14,11,4,5,6,7,10,19,23,0,7,5,2,15,24,22,6,6,7,7,14,24,17,4,5,10,3,10,24,16,3,6,10,0,3,9,10,3,2,2,6,3,6,8,4,2,5,0,5,4,6,6,1,2,2,1,5,8,2,0,0,0,0,0
50010210000088,3,8,4,5,2,5,2,8,1,6,7,6,6,4,4,10,5,2,1,2,3,1,7,2,6,5,4,8,7,3,3,3,2,10,7,9,10,5,9,3,6,15,6,15,10,8,11,3,14,14,10,2,8,16,4,9,17,12,5,15,8,7,8,5,5,4,4,1,2,4,4,4,4,3,1,5,4,9,4,1,3,4,2,1,4,5,5,0,0,0,0,0
50010210000090,1,0,1,0,3,1,0,2,0,0,1,1,1,0,2,1,2,2,0,0,1,5,0,0,1,4,1,0,2,2,0,0,0,2,1,9,1,1,7,6,3,2,5,1,1,2,0,2,3,1,3,2,0,0,1,1,6,5,4,1,2,1,1,3,2,2,1,1,0,0,1,3,1,3,1,3,0,1,3,1,1,0,1,1,0,0,0,0,0,0,0,0
50010210000091,10,7,7,3,10,8,7,9,2,6,9,5,9,9,8,12,4,5,7,12,6,4,11,7,6,7,6,8,13,6,5,10,12,13,22,14,15,10,7,15,14,18,20,15,16,15,17,10,26,25,13,13,16,11,14,15,29,8,10,21,9,4,7,9,8,4,7,13,8,10,3,10,6,8,5,8,4,9,10,4,10,7,8,7,9,7,5,0,0,0,0,0
50010210000094,6,3,7,3,2,1,3,1,5,5,4,1,1,4,5,5,2,3,2,0,2,5,2,2,3,7,1,3,4,6,4,8,6,4,5,11,2,5,5,8,9,8,5,10,6,5,4,2,5,10,9,6,5,4,10,7,10,12,2,4,4,5,3,6,4,2,4,1,1,2,1,3,10,1,4,5,3,1,2,0,1,2,1,1,4,0,2,0,0,0,0,0
50010210000098,7,4,12,6,9,13,7,2,3,0,3,5,3,0,6,14,3,1,2,3,5,6,12,2,2,2,0,6,5,12,3,6,8,5,7,23,24,4,6,10,9,17,24,24,3,4,2,5,10,37,26,5,6,9,11,14,54,25,5,3,9,3,2,23,22,3,2,5,1,11,27,19,2,4,3,7,7,14,22,2,7,1,1,9,24,21,3,0,0,0,0,0
50010310000002,14,12,11,13,14,13,22,10,20,9,8,11,12,22,15,13,19,19,11,18,13,9,8,9,16,12,13,15,8,9,17,37,36,30,30,31,17,40,23,21,22,22,29,27,20,26,23,35,26,32,25,29,31,25,23,27,27,18,29,21,40,11,17,21,15,15,19,12,5,8,15,15,21,14,13,7,9,13,17,14,12,7,14,11,22,6,17,0,0,0,0,0
50010310000011,21,6,14,13,9,12,8,11,8,10,13,9,12,5,14,15,23,16,7,13,10,11,17,10,12,7,13,8,6,14,12,25,16,14,17,15,20,18,16,20,11,15,23,17,11,17,13,19,10,16,15,12,14,19,15,14,13,16,12,20,18,9,10,11,14,2,5,8,6,6,7,7,11,13,5,5,6,4,9,9,5,9,9,7,10,8,6,0,0,0,0,0
50010310000025,33,40,40,40,25,26,23,23,21,17,30,8,18,25,27,33,17,23,26,21,17,23,32,22,18,13,30,26,34,13,27,41,35,33,44,31,41,40,34,32,47,42,50,40,49,40,42,51,54,55,41,55,62,51,51,38,44,35,52,46,51,22,24,52,38,24,31,25,18,36,17,15,27,27,21,26,31,29,26,21,23,17,22,24,23,21,15,0,0,0,0,0
50010310000029,7,4,6,2,1,7,1,4,2,6,4,9,3,6,6,5,2,4,7,6,4,3,5,2,1,1,3,3,3,6,2,6,12,7,11,17,5,6,4,7,9,12,7,8,5,7,4,12,10,11,15,6,5,7,7,10,12,11,11,11,4,2,4,4,4,4,3,1,4,4,3,3,5,3,7,2,3,4,4,3,6,2,2,3,1,0,4,0,0,0,0,0
50010310000030,17,16,12,16,15,13,17,12,14,12,13,6,15,13,13,18,10,5,13,12,11,20,10,7,13,13,20,22,8,12,9,26,20,26,36,38,30,25,33,32,22,30,17,25,22,37,25,17,29,22,33,22,28,27,18,27,24,19,17,16,22,9,6,11,16,13,7,10,9,7,13,11,12,9,8,10,10,10,10,15,17,7,15,12,11,11,9,0,0,0,0,0
50010310000041,9,21,16,13,10,6,14,14,10,7,16,10,11,13,11,12,15,12,7,10,14,12,14,13,9,7,7,12,7,6,8,17,17,22,19,26,23,20,22,17,17,16,23,19,26,21,23,22,21,15,26,27,24,15,26,14,17,15,18,28,39,1,0,0,0,0,0,0,0,0,0,0,0,0,7,9,9,5,9,9,7,4,7,7,11,21,14,0,0,0,0,0
50010310000102,11,6,6,10,8,4,6,5,5,4,11,12,2,9,7,4,5,8,11,9,8,10,5,9,5,6,8,4,10,8,4,14,13,20,17,17,8,6,11,12,14,11,12,14,13,10,17,13,14,13,10,14,14,22,8,10,11,11,11,10,11,5,6,9,3,6,6,2,2,7,4,7,1,5,6,3,3,9,2,6,9,2,2,6,2,10,7,0,0,0,0,0
50010310000103,9,19,11,8,5,10,13,14,8,13,12,7,13,8,14,12,9,8,9,11,10,18,12,8,13,6,8,14,7,11,14,16,6,12,34,23,28,23,20,21,18,24,31,21,17,21,14,14,19,32,24,9,20,16,16,23,30,18,19,21,17,9,13,12,13,8,11,9,13,11,12,13,9,7,7,5,12,15,13,10,10,7,9,13,7,12,10,0,0,0,0,0
50010310000144,7,3,7,3,5,1,5,11,7,6,9,7,5,8,8,5,6,6,6,5,8,5,3,6,5,9,4,5,6,4,4,3,4,12,17,13,6,5,7,7,12,13,8,12,6,6,11,10,20,10,5,14,5,4,12,10,12,12,10,19,13,6,12,8,5,7,6,8,8,7,8,3,5,7,5,6,11,12,9,6,5,7,12,7,10,7,7,0,0,0,0,0
50010310000176,10,5,2,5,4,7,6,6,6,4,3,3,7,6,2,7,4,2,6,4,4,4,8,6,9,3,7,7,3,7,6,15,6,7,16,13,11,16,8,15,15,5,8,11,5,10,19,15,17,13,7,11,11,3,17,7,12,13,6,8,12,2,7,5,4,3,3,1,4,5,6,7,1,9,5,3,6,2,8,5,4,2,2,5,2,6,5,0,0,0,0,0
50010310000247,12,13,13,8,6,17,7,15,10,8,17,14,13,15,21,18,12,23,10,13,16,9,20,11,9,10,15,16,16,12,18,23,33,21,29,21,28,29,25,23,18,20,39,20,24,27,28,24,20,35,24,35,29,24,26,31,32,27,25,31,23,15,15,20,15,12,8,9,15,20,10,18,12,11,17,21,15,14,15,16,13,16,16,21,11,24,16,0,0,0,0,0
50010510000002,19,6,9,4,12,6,15,4,8,5,4,5,2,10,14,3,5,5,12,3,4,13,10,11,3,3,6,7,18,5,3,8,15,11,22,19,15,10,8,13,8,12,21,19,7,10,7,3,21,31,10,9,12,11,13,10,23,18,10,8,1,0,0,0,0,0,0,0,0,0,0,0,0,0,0,0,0,0,0,0,0,0,0,0,0,0,0,0,0,0,0,0
50010510000004,6,2,4,3,3,10,4,3,2,4,2,3,0,4,10,4,4,2,3,4,1,7,2,4,2,2,2,4,7,2,3,6,8,3,5,9,6,7,5,7,5,11,7,5,5,3,6,6,12,8,8,5,7,5,1,8,12,6,0,0,0,0,0,0,0,0,0,0,0,0,0,0,0,0,0,0,0,0,0,0,0,0,0,0,0,0,0,0,0,0,0,0
50010510000005,18,13,10,15,12,14,9,11,14,9,14,7,17,18,15,12,8,9,7,15,18,19,9,10,13,9,12,15,11,4,13,19,19,15,35,22,12,27,12,20,24,38,26,15,20,16,20,13,26,17,19,16,22,16,23,22,21,20,18,25,13,4,8,18,17,6,11,6,10,9,14,11,9,12,6,7,15,9,10,8,8,2,4,15,10,11,9,0,0,0,0,0
50010510000007,16,7,7,5,7,10,9,12,12,11,6,10,11,10,7,8,14,19,6,11,10,10,6,16,9,14,12,12,9,11,11,28,25,21,25,22,18,21,25,20,20,23,28,28,27,15,25,28,17,15,23,24,18,17,23,19,17,14,20,28,18,10,8,10,10,6,15,17,12,9,11,10,14,8,8,9,14,10,6,10,10,7,10,8,10,13,5,0,0,0,0,0
50010510000008,23,24,14,16,20,21,12,20,16,13,23,14,15,10,14,18,21,18,16,12,19,22,16,21,12,27,13,20,13,11,14,35,37,32,32,41,35,29,19,39,30,44,34,20,30,41,26,31,22,28,35,25,30,26,20,33,41,27,24,21,17,14,15,18,24,11,19,12,16,13,19,16,14,9,17,21,17,24,16,16,7,4,11,14,13,19,18,0,0,0,0,0
50010510000009,0,0,2,4,4,3,5,6,4,7,2,8,8,9,16,8,8,13,11,6,7,13,11,14,7,7,10,6,12,7,8,16,19,18,17,16,29,17,17,29,11,36,22,18,9,21,22,13,27,27,22,21,20,16,18,25,18,33,23,24,25,8,11,7,11,16,15,11,16,14,15,12,11,13,17,15,17,12,13,14,6,9,6,11,20,8,10,0,0,0,0,0
50010510000010,11,10,10,7,6,9,9,7,11,3,4,7,5,15,15,15,11,5,3,3,14,19,14,2,7,6,5,15,15,7,8,11,13,14,29,25,26,13,6,19,7,22,27,15,12,7,9,15,25,26,17,13,11,17,14,22,32,23,11,11,12,7,7,13,19,4,6,7,8,8,7,4,2,3,2,6,3,0,0,0,0,0,0,0,0,0,0,0,0,0,0,0
50010510000012,16,8,8,7,6,9,14,11,7,5,4,5,6,7,12,11,12,5,2,9,7,12,6,4,9,8,4,9,9,4,7,7,11,19,12,15,11,8,21,11,11,23,19,16,17,12,10,17,19,20,10,14,7,15,15,13,17,18,8,13,18,12,8,9,11,7,6,7,8,10,6,10,7,5,7,4,6,6,10,7,7,6,9,13,9,13,6,0,0,0,0,0
50010510000014,7,10,5,12,8,9,7,7,9,11,9,7,12,11,11,11,11,16,6,12,15,11,11,10,11,16,6,10,10,7,8,18,16,25,15,24,30,21,18,12,23,13,16,12,20,23,18,28,20,16,23,25,20,19,21,19,24,19,15,26,29,10,7,12,13,7,12,6,13,9,14,12,12,3,13,7,12,8,9,14,13,16,13,12,12,14,10,0,0,0,0,0
50010510000017,14,6,8,7,9,10,11,14,5,5,7,5,12,8,15,12,10,1,7,12,14,10,12,11,6,9,4,14,9,14,11,13,6,11,15,24,23,12,7,11,15,15,23,24,26,11,15,14,20,27,27,10,10,20,17,23,19,27,10,12,11,3,9,15,14,9,6,5,5,12,9,11,7,5,5,7,9,16,3,7,11,8,3,10,11,9,8,0,0,0,0,0
50010510000020,11,4,8,8,9,6,7,3,8,3,1,2,7,4,13,5,6,4,6,5,6,8,5,7,12,4,6,3,5,11,5,9,14,10,13,10,14,13,12,18,11,16,5,13,15,14,10,12,11,16,11,11,13,13,8,11,11,12,15,15,7,5,2,6,6,6,4,8,5,5,10,10,6,6,5,11,5,9,6,4,9,3,6,3,8,5,6,0,0,0,0,0
50010510000023,4,7,15,11,8,5,9,3,9,12,7,9,9,9,13,11,8,10,13,7,13,14,20,13,16,10,12,24,17,9,5,27,22,20,27,7,2,3,3,0,0,0,0,0,2,0,1,0,0,0,0,0,0,0,0,0,0,0,0,0,0,0,0,0,0,0,0,0,0,0,0,0,0,0,0,0,0,0,0,0,0,0,0,0,0,0,0,0,0,0,0,0
50010510000025,9,9,6,14,12,8,10,8,12,12,6,10,7,14,7,5,10,5,13,8,6,9,10,12,4,11,5,13,9,7,7,24,13,15,13,17,12,15,18,16,15,16,16,12,13,12,17,16,16,22,25,23,16,18,11,12,19,15,14,17,13,6,14,10,14,0,7,10,8,7,10,11,7,12,10,11,11,11,8,9,15,9,6,11,15,13,11,0,0,0,0,0
50010510000026,17,9,10,6,11,14,11,9,10,10,11,11,8,9,15,18,12,10,8,6,7,20,11,8,7,10,9,15,22,8,5,17,24,20,19,33,14,23,16,14,15,26,40,28,28,19,24,23,23,22,31,14,33,17,19,26,25,16,14,16,27,11,11,11,11,8,6,7,7,12,16,15,11,9,9,7,13,13,15,12,9,7,5,12,18,16,20,0,0,0,0,0
50010510000030,19,15,14,8,17,13,9,12,17,13,14,14,8,12,11,20,10,10,14,7,12,15,16,20,7,16,16,6,11,20,19,20,20,35,31,15,29,22,20,22,30,19,28,38,21,21,20,33,31,23,43,36,18,27,27,20,34,34,20,46,29,20,18,11,16,16,9,12,17,15,12,17,10,14,10,20,20,24,24,10,14,9,0,17,25,13,15,0,0,0,0,0
50010510000032,7,16,12,9,8,17,16,8,12,6,8,4,4,8,13,13,8,6,9,9,11,13,11,5,9,12,8,10,13,13,2,19,21,17,27,19,19,14,24,28,13,20,37,18,14,19,14,14,40,27,23,27,22,16,13,23,25,22,19,17,16,11,12,11,11,8,4,7,8,13,17,12,9,9,8,5,15,14,13,11,7,5,8,9,8,7,13,0,0,0,0,0
50010510000034,6,4,5,3,5,2,4,1,0,3,2,2,3,5,2,3,2,3,3,3,1,0,7,1,2,1,7,2,3,4,3,7,6,6,5,6,5,5,5,6,9,10,5,7,4,11,11,4,5,12,2,7,4,4,2,7,5,1,6,5,4,3,4,4,2,2,0,3,2,4,1,3,3,3,2,1,0,0,2,4,0,3,1,0,3,4,3,0,0,0,0,0
50010510000035,25,6,16,17,10,15,11,5,5,5,10,13,4,8,27,10,10,9,10,10,9,24,13,17,11,7,10,7,14,14,10,19,6,21,32,36,23,16,24,18,17,17,32,25,21,21,18,13,20,36,37,20,17,19,19,14,45,42,20,18,21,18,16,17,14,14,7,13,10,16,13,10,6,2,10,7,9,11,11,10,4,4,9,8,15,5,14,0,0,0,0,0
50010510000037,15,13,2,8,1,3,4,3,12,3,3,0,1,0,4,7,4,5,1,2,2,4,6,7,3,2,3,2,8,11,2,7,6,11,11,28,12,8,4,2,5,3,17,23,7,5,2,5,6,12,22,9,3,7,4,7,9,21,10,10,5,6,5,6,13,1,2,4,3,4,9,8,5,5,1,0,4,6,15,5,1,1,2,10,11,2,4,0,0,0,0,0
50010510000038,2,0,3,1,3,2,1,5,3,1,1,3,3,3,3,1,4,3,1,2,3,4,3,2,4,3,0,3,6,5,4,4,5,7,5,5,10,9,9,5,5,5,5,2,0,3,7,6,5,10,14,9,4,3,6,10,7,7,6,7,9,2,7,3,4,1,6,5,4,6,4,3,6,7,4,4,8,4,5,2,5,5,4,0,5,6,4,0,0,0,0,0
50010510000039,12,13,5,7,6,11,6,6,8,4,9,7,9,8,10,7,5,7,14,8,8,13,12,8,4,7,13,1,11,8,6,21,6,8,15,21,20,15,18,13,13,15,21,25,12,18,14,8,25,25,23,25,21,15,12,24,23,14,14,24,17,9,5,12,10,9,12,6,12,8,8,11,7,10,9,10,7,9,4,9,1,2,9,4,8,5,9,0,0,0,0,0
50010510000040,6,4,1,2,4,3,1,9,1,5,2,4,5,6,5,2,5,3,2,2,1,8,5,4,5,6,5,6,4,6,0,7,6,7,11,12,5,9,9,13,8,9,11,5,10,6,10,15,11,16,13,11,8,8,14,8,8,12,10,9,13,11,4,8,8,6,5,8,7,7,7,4,4,4,5,6,5,2,6,5,3,1,9,7,10,5,7,0,0,0,0,0
50010510000044,6,1,3,1,3,1,1,1,2,2,1,0,2,0,2,0,3,1,1,3,3,1,3,4,2,2,4,1,7,3,2,6,3,6,4,7,6,2,1,6,8,3,9,8,3,5,6,3,5,4,3,3,4,6,4,7,3,4,3,5,9,1,1,2,1,2,1,1,3,2,2,3,2,3,1,1,4,2,2,1,3,3,1,4,2,1,3,0,0,0,0,0
50010510000048,9,5,5,5,5,17,5,7,6,4,5,7,3,9,3,7,6,13,3,3,4,3,7,11,12,8,5,14,8,11,10,10,21,14,11,11,11,15,15,14,15,15,26,14,11,13,16,15,14,25,25,11,11,19,13,9,11,11,13,16,8,9,4,7,6,8,7,8,9,4,4,4,4,5,4,6,14,7,5,6,3,3,3,10,2,6,8,0,0,0,0,0
50010510000050,26,18,11,19,19,23,20,15,14,13,13,10,11,15,22,26,14,14,17,12,11,12,24,8,15,12,18,10,14,18,14,29,29,29,27,43,40,27,33,33,44,27,39,43,28,22,26,41,22,49,47,24,15,29,27,16,45,38,29,25,29,8,18,25,21,15,13,13,13,17,26,13,13,16,14,7,14,16,14,8,14,12,15,13,18,15,16,0,0,0,0,0
50010510000051,10,7,12,11,11,13,5,11,11,10,8,9,5,15,10,7,12,7,10,6,13,9,11,6,9,11,10,9,12,12,3,18,13,17,12,19,16,29,16,21,18,26,33,26,23,19,18,22,26,18,23,17,14,24,15,12,21,15,22,24,20,7,11,9,5,6,6,6,6,7,9,6,9,6,5,7,4,6,7,3,5,4,8,12,14,9,12,0,0,0,0,0
50010510000052,4,2,3,3,2,2,2,1,1,0,4,3,4,2,3,5,4,1,5,5,10,5,3,5,3,2,4,4,0,2,0,10,6,3,6,5,6,7,9,9,6,9,9,8,9,9,5,12,11,8,9,7,10,5,8,11,2,2,4,5,9,7,3,3,3,2,2,1,5,0,6,4,2,4,1,5,1,4,4,6,2,0,2,1,2,1,1,0,0,0,0,0
50010510000054,16,21,15,7,9,8,12,1,2,4,4,3,4,7,11,9,7,0,4,1,6,6,14,5,2,4,2,19,15,5,5,6,5,6,7,29,19,6,6,6,9,30,8,2,1,4,1,3,14,21,16,12,1,10,9,11,26,18,9,10,3,0,8,8,12,4,4,4,7,8,19,3,2,5,4,1,8,9,17,0,0,0,0,0,0,0,0,0,0,0,0,0
50010510000056,2,6,6,4,5,3,2,2,5,3,2,6,4,3,7,3,2,0,1,4,6,7,5,1,4,5,4,5,6,4,6,11,12,7,8,5,10,10,4,6,11,12,5,9,8,5,9,6,10,16,12,4,8,7,9,8,13,15,11,6,11,8,7,9,5,4,3,8,5,2,8,8,5,7,6,3,4,5,6,3,5,4,2,3,7,8,7,0,0,0,0,0
50010510000058,21,11,19,15,22,16,18,12,13,9,15,16,16,11,12,10,14,12,17,12,12,20,18,14,12,14,17,5,15,13,15,29,19,25,29,29,37,32,25,24,28,30,24,39,26,24,23,31,23,27,55,30,20,24,29,32,22,43,24,51,37,13,12,21,23,20,14,12,11,11,17,12,22,13,13,22,17,16,17,13,13,6,20,8,15,18,16,0,0,0,0,0
50010510000060,33,26,20,14,15,17,12,3,5,6,8,6,5,9,27,10,7,10,8,7,20,37,12,8,9,7,8,20,24,11,7,15,14,21,34,67,26,16,14,20,8,37,47,43,14,12,12,8,24,60,48,12,16,11,15,36,38,54,10,14,19,7,18,38,28,12,12,7,5,9,6,0,0,0,0,0,0,0,0,0,0,0,0,0,0,0,0,0,0,0,0,0
50010510000061,8,13,10,15,10,12,13,7,6,8,8,11,3,8,11,8,9,8,9,6,5,11,9,11,5,1,8,8,12,4,4,21,9,16,20,15,11,17,15,16,8,20,17,24,15,13,17,19,22,16,23,23,21,12,17,20,14,10,14,25,8,8,15,10,6,6,11,5,7,11,7,9,4,7,6,3,7,5,9,9,6,10,5,10,9,10,8,0,0,0,0,0
50010510000062,4,7,5,6,7,13,5,3,6,4,4,6,6,9,4,9,9,8,7,1,7,8,7,8,6,4,5,2,6,5,5,7,12,6,1,9,10,9,13,7,11,6,19,10,7,9,6,13,15,10,10,15,11,8,6,16,12,16,14,18,13,3,9,3,11,3,6,8,1,10,8,7,4,1,7,7,5,13,13,10,2,0,0,4,7,6,11,0,0,0,0,0
50010510000063,4,7,5,3,5,11,9,5,6,6,7,6,4,8,11,15,4,2,1,10,9,13,10,8,3,4,5,7,9,10,5,15,16,4,12,20,14,16,5,14,10,15,24,14,9,9,15,8,10,16,7,9,7,3,11,15,11,14,6,10,5,3,3,6,8,2,3,2,3,6,4,3,6,2,1,5,4,4,7,7,4,5,4,5,10,7,5,0,0,0,0,0
50010510000064,13,14,5,11,16,14,13,10,8,9,11,11,14,10,11,13,16,4,16,12,16,20,11,13,15,16,14,10,19,14,10,17,20,12,17,30,20,12,13,25,17,29,22,32,25,17,14,15,26,21,25,19,8,20,17,21,26,27,18,27,18,4,9,13,9,5,6,8,3,6,6,6,6,8,6,5,14,6,2,11,9,3,8,8,9,8,8,0,0,0,0,0
50010510000065,2,5,5,2,4,2,4,5,10,6,5,5,1,1,3,4,2,5,3,1,2,5,3,4,4,3,2,4,9,4,4,3,3,5,8,5,8,6,9,11,14,5,6,7,12,9,7,6,5,13,18,6,4,2,13,5,17,17,12,16,8,4,4,4,3,3,2,3,1,1,5,6,4,3,4,5,4,2,7,4,3,7,5,4,9,9,6,0,0,0,0,0
50010510000067,6,9,5,3,4,7,7,3,3,0,2,2,4,3,5,0,3,5,4,2,4,4,5,7,4,7,12,2,5,1,5,10,4,9,7,8,11,7,8,11,6,10,12,10,8,7,4,20,9,11,9,5,7,12,8,13,5,11,8,7,9,0,5,5,2,3,3,3,5,7,5,1,3,9,0,7,4,4,4,7,1,1,3,10,3,4,6,0,0,0,0,0
50010510000070,23,22,28,16,27,17,24,19,29,24,20,16,28,30,26,36,16,28,22,31,15,18,24,12,18,18,21,24,26,16,18,39,44,43,45,40,34,37,24,44,44,37,41,36,39,43,34,45,54,44,33,31,34,42,27,42,40,35,34,50,52,16,27,21,21,19,30,24,30,11,23,24,29,17,14,18,22,19,17,23,28,18,27,22,27,27,14,0,0,0,0,0
50010510000071,13,19,12,9,13,13,4,3,3,2,3,3,2,5,11,3,3,7,4,5,7,7,3,2,4,2,2,5,19,12,2,8,7,7,16,29,8,8,6,17,10,21,41,14,11,7,6,15,9,39,10,12,4,12,3,18,29,15,6,11,10,9,9,20,5,5,10,2,4,8,14,9,4,5,7,6,1,6,8,4,5,7,3,6,20,9,4,0,0,0,0,0
50010510000072,10,3,6,4,0,5,5,6,4,8,4,4,2,4,9,6,7,5,9,4,4,7,7,6,2,2,7,5,6,1,3,11,5,6,7,13,7,4,8,8,6,8,7,6,8,10,5,7,7,15,10,5,9,5,11,7,5,7,4,5,10,6,9,7,5,2,6,6,6,6,5,11,6,2,5,3,3,8,10,7,3,3,9,5,7,6,4,0,0,0,0,0
50010510000073,9,4,7,6,6,13,9,8,3,6,4,4,7,7,4,8,3,5,4,8,6,5,9,6,6,8,7,11,9,2,5,7,12,7,10,24,8,5,11,11,14,15,13,11,14,5,10,3,10,12,11,8,8,8,11,18,20,16,4,12,10,6,7,12,7,2,3,4,6,9,4,9,8,6,4,4,7,8,6,7,5,2,3,3,8,5,4,0,0,0,0,0
50010510000076,9,11,13,12,13,9,10,8,11,5,6,3,9,10,10,12,8,8,5,8,12,11,16,9,9,10,8,13,16,9,9,23,14,20,38,23,24,20,11,19,14,24,26,22,15,21,19,10,27,19,27,19,21,20,14,21,33,20,14,13,18,9,18,15,17,7,3,12,6,9,11,10,10,4,6,8,4,5,9,7,7,7,5,8,13,13,12,0,0,0,0,0
50010510000080,1,5,0,4,2,6,4,3,3,4,4,3,5,3,4,7,3,2,1,6,4,12,16,4,3,4,2,6,3,6,6,7,14,10,18,10,9,4,6,9,13,7,14,12,8,9,12,11,5,7,11,15,9,10,14,6,7,18,11,15,14,7,4,7,3,2,6,5,6,4,5,4,2,3,4,5,7,8,10,6,1,5,4,3,6,10,6,0,0,0,0,0
50010510000081,8,8,6,4,7,6,6,3,4,3,6,4,4,7,12,9,5,7,1,7,4,5,3,5,4,5,3,5,5,4,1,6,12,10,6,17,10,9,4,6,9,11,9,13,6,6,8,4,8,12,8,9,5,14,13,11,16,14,10,14,10,5,5,4,8,5,6,3,9,6,7,7,4,8,2,2,5,8,1,2,5,1,6,0,4,2,5,0,0,0,0,0
50010510000083,10,12,11,16,11,6,13,10,12,8,11,9,20,11,11,10,7,12,8,13,11,7,14,10,10,9,16,20,16,14,7,23,31,32,29,23,20,16,16,17,17,29,14,34,16,11,21,22,29,30,36,21,26,28,27,23,17,25,25,16,24,7,12,8,17,9,12,10,14,6,16,10,10,9,15,13,11,10,9,13,12,5,9,8,11,12,5,0,0,0,0,0
50010510000084,12,3,1,1,2,9,2,3,4,2,3,5,5,7,4,3,2,1,5,6,5,3,5,4,5,3,2,5,3,3,3,7,5,3,6,3,7,8,4,6,4,6,2,5,7,1,3,8,5,8,8,4,3,8,7,7,8,7,5,5,12,6,3,4,4,4,7,4,3,3,4,2,3,5,9,5,8,3,9,5,2,0,3,6,8,6,7,0,0,0,0,0
50010510000087,6,5,7,6,3,7,2,13,12,4,3,3,7,5,7,5,4,2,4,7,8,5,4,7,7,5,6,8,8,3,8,8,14,8,12,13,6,6,9,14,7,15,15,5,16,14,21,12,13,12,12,4,11,15,16,7,13,6,7,13,2,10,6,6,3,3,3,9,6,2,9,9,2,6,5,2,6,8,9,7,5,0,6,2,6,5,6,0,0,0,0,0
50010510000092,14,11,11,7,13,9,2,4,7,3,7,3,5,8,19,11,3,10,6,3,6,8,14,8,6,6,8,13,17,10,8,23,16,11,7,19,21,13,5,9,9,11,7,9,7,9,7,14,10,21,15,9,7,14,13,13,29,18,9,11,11,5,12,9,0,0,5,7,3,3,5,4,5,6,1,2,7,5,3,1,2,1,0,7,8,6,5,0,0,0,0,0
50010510000093,2,8,7,7,7,8,3,3,3,4,9,2,4,7,4,5,5,7,7,14,4,6,3,11,7,6,9,7,2,11,9,18,21,14,19,17,14,14,19,13,15,24,20,26,11,12,6,14,13,11,15,22,13,13,23,12,17,14,16,15,13,13,14,5,3,4,10,7,11,7,8,12,9,8,12,8,8,9,8,10,7,5,6,10,9,10,15,0,0,0,0,0
50010510000095,24,20,22,17,18,26,41,19,18,15,31,20,21,15,14,28,27,22,26,15,22,29,25,32,18,22,24,20,39,21,25,46,40,53,36,55,61,44,44,44,32,39,41,59,44,36,39,52,52,58,64,66,54,54,48,56,51,92,36,69,72,35,27,19,26,24,26,25,17,30,30,32,26,18,24,31,29,22,35,26,20,14,25,20,25,39,26,0,0,0,0,0
50010510000100,12,14,13,10,6,11,8,5,8,5,9,5,7,7,10,14,10,6,5,11,4,11,11,11,15,12,5,9,11,10,16,29,19,13,15,25,30,14,11,14,11,7,21,51,15,22,18,39,15,21,33,14,24,13,18,15,12,14,8,20,46,12,16,19,18,8,12,10,0,5,14,13,8,3,8,6,8,11,18,8,7,4,8,10,13,16,10,0,0,0,0,0
50010510000101,10,12,9,6,7,10,9,10,7,6,8,2,6,3,10,7,4,6,7,14,6,7,6,13,9,9,5,12,20,13,15,35,21,24,12,6,16,11,8,19,13,17,14,8,16,24,15,21,14,13,16,5,11,13,13,16,19,17,3,17,15,12,6,9,14,4,12,12,8,14,11,17,7,7,6,7,14,15,11,9,6,6,6,11,12,12,3,0,0,0,0,0
50010510000105,6,7,7,12,5,6,5,3,6,8,6,6,8,6,13,5,7,9,9,11,13,16,6,4,3,7,6,5,12,4,5,18,15,8,13,20,16,5,7,10,8,11,18,11,18,9,12,10,9,13,12,15,10,10,3,11,13,8,11,13,8,9,8,9,7,3,2,3,3,3,4,5,4,6,6,4,5,2,6,1,5,5,3,5,4,6,6,0,0,0,0,0
50010510000106,12,12,8,10,12,3,6,8,4,4,12,8,7,1,9,8,8,4,5,6,7,9,8,5,8,3,3,3,4,4,11,5,13,8,11,15,8,12,10,8,12,12,10,14,14,18,11,14,13,29,22,15,21,21,17,18,18,20,12,22,22,8,3,8,7,5,7,7,11,6,10,9,11,5,3,4,3,8,9,4,5,2,9,5,9,8,3,0,0,0,0,0
50010510000108,3,2,1,1,1,5,1,1,4,2,2,2,0,0,2,0,1,2,2,0,5,5,2,6,2,3,2,3,5,4,5,7,6,2,2,10,6,5,7,5,10,14,7,9,8,5,1,4,2,5,8,4,10,1,10,5,4,8,5,10,10,2,7,3,4,2,0,6,0,1,1,3,2,0,3,0,2,3,4,3,3,3,1,4,1,2,1,0,0,0,0,0
50010510000110,3,8,8,8,5,5,5,6,5,4,5,7,7,15,9,7,9,6,6,4,5,5,8,2,4,1,0,2,10,9,5,5,13,7,11,16,20,15,9,12,16,5,9,21,12,14,11,6,16,25,19,14,14,11,17,16,14,15,0,0,9,5,8,10,8,3,5,9,4,5,8,11,4,1,2,3,8,10,8,8,6,3,6,3,7,4,5,0,0,0,0,0
50010510000111,9,7,5,3,11,6,3,13,9,9,9,8,12,12,15,11,7,5,3,8,12,5,4,11,4,5,12,4,13,15,7,18,17,27,15,21,19,7,19,15,12,21,20,23,16,18,14,21,25,22,16,19,12,15,21,19,14,12,21,16,14,5,8,9,9,5,8,6,8,8,5,3,2,3,2,6,5,4,3,5,6,4,5,2,5,7,2,0,0,0,0,0
50010510000112,10,7,5,9,4,10,12,6,14,8,2,5,4,5,11,9,7,11,5,6,13,4,6,9,7,5,6,5,5,6,7,8,14,10,12,9,9,10,9,11,6,16,13,16,13,13,10,17,17,17,14,9,15,12,5,13,14,14,23,14,11,8,5,12,9,7,15,2,7,7,6,12,8,3,3,7,4,6,3,5,6,1,6,6,8,8,5,0,0,0,0,0
50010510000113,3,2,2,2,4,4,2,1,4,4,4,3,6,0,2,4,4,4,1,4,4,0,8,3,5,5,4,8,4,5,1,4,8,10,10,4,5,7,9,5,11,13,6,15,10,5,8,13,9,17,11,21,13,7,10,6,10,8,4,17,16,6,6,3,7,3,6,3,8,5,9,8,6,4,5,4,8,8,5,0,4,5,6,2,7,5,9,0,0,0,0,0
50010510000114,8,7,4,5,7,4,9,5,5,5,4,8,1,0,0,0,0,0,0,0,0,0,0,0,0,0,0,3,6,11,5,10,8,14,18,14,13,13,12,21,14,13,21,15,17,15,18,18,22,7,24,28,16,15,16,16,25,20,17,13,22,9,14,17,14,3,8,6,6,11,9,7,11,10,2,8,7,8,6,8,10,1,7,7,11,12,7,0,0,0,0,0
50010510000115,5,12,3,6,3,6,3,4,2,4,1,5,4,9,9,6,2,5,2,2,3,6,2,1,0,4,1,2,1,4,2,0,0,0,0,0,0,0,0,0,0,0,0,0,0,0,0,0,0,0,0,0,0,0,0,0,0,0,0,0,0,0,0,0,0,0,1,1,1,1,3,6,4,3,5,5,3,4,0,6,3,4,4,2,5,6,4,0,0,0,0,0
50010510000117,13,14,11,8,9,10,10,7,6,7,9,9,10,12,13,14,10,13,3,7,13,11,8,8,9,9,9,11,10,12,9,12,16,24,28,29,26,17,22,19,15,12,29,15,20,20,16,14,19,27,14,17,17,16,24,26,23,25,19,37,21,8,12,16,12,14,12,7,8,9,18,14,12,10,8,8,18,10,16,7,6,5,12,15,8,5,12,0,0,0,0,0
50010510000120,11,8,9,11,4,11,9,12,5,8,11,6,10,8,5,7,8,8,2,3,4,4,10,11,6,11,8,3,7,6,5,19,12,16,16,14,15,11,20,23,15,10,12,9,19,22,25,18,9,14,15,23,22,19,19,9,21,23,21,17,21,13,12,7,8,4,6,11,9,1,7,7,6,4,13,11,6,14,7,10,5,5,8,13,8,1,9,0,0,0,0,0
50010510000121,10,9,9,6,5,10,2,6,5,6,8,6,7,4,14,4,6,5,2,2,11,5,5,9,9,5,8,7,9,10,7,13,9,14,13,18,14,12,6,24,18,5,10,10,16,12,16,6,7,14,11,13,17,12,8,7,12,12,12,6,11,6,6,13,8,8,3,4,9,4,7,3,6,5,4,5,7,8,11,6,4,5,11,3,4,5,7,0,0,0,0,0
50010510000125,20,19,0,1,2,2,5,10,21,8,8,9,6,2,4,13,2,3,5,4,1,10,16,15,3,2,4,2,11,17,5,7,1,3,6,19,5,7,6,3,6,7,13,17,2,0,4,3,9,13,27,2,4,1,3,2,4,32,7,1,5,0,1,9,9,0,0,0,1,2,9,12,7,1,2,3,1,8,12,1,2,0,2,2,9,3,3,0,0,0,0,0
50010510000130,11,6,7,3,7,8,5,6,7,3,11,6,5,5,12,6,2,4,8,4,6,6,5,6,7,5,4,11,7,7,9,9,14,13,14,12,21,8,9,9,13,11,8,9,4,9,7,9,8,17,10,10,10,10,10,8,15,17,9,10,11,5,10,11,6,5,6,7,8,7,9,9,4,7,3,4,5,9,4,8,8,2,4,9,9,10,13,0,0,0,0,0
50010510000131,12,9,5,6,13,5,10,13,12,12,12,10,14,12,11,16,15,12,14,17,16,11,19,17,13,22,11,13,14,13,16,26,31,29,24,22,25,24,25,24,28,24,22,28,20,26,18,24,24,17,22,37,29,26,30,24,21,19,29,29,24,13,10,9,7,13,8,20,14,10,10,5,3,10,8,7,6,17,7,6,4,11,8,12,8,9,7,0,0,0,0,0
50010510000132,12,4,13,8,10,7,6,6,7,14,9,9,14,7,10,10,11,8,10,12,10,12,6,11,11,9,8,11,8,7,16,11,16,13,17,21,13,23,13,16,20,10,23,12,14,7,8,9,14,23,11,15,13,18,17,12,13,15,14,10,19,7,6,2,10,11,8,6,5,5,6,5,7,7,3,6,4,6,7,6,9,5,4,6,7,4,6,0,0,0,0,0
50010510000133,8,7,11,11,6,12,14,5,8,12,9,10,12,13,15,12,20,14,9,10,13,9,7,13,14,6,7,9,9,16,5,24,14,11,16,22,32,25,19,17,14,27,18,18,19,9,17,19,14,22,17,13,14,29,14,23,15,19,12,22,13,8,18,6,6,10,12,5,11,15,10,10,6,5,8,8,9,14,10,12,9,6,10,7,14,10,5,0,0,0,0,0
50010510000134,26,22,10,16,16,15,13,10,14,8,7,11,6,18,18,17,15,14,9,13,25,16,16,9,15,9,16,16,24,18,14,30,22,30,26,40,32,16,33,22,31,32,32,25,22,25,18,19,35,37,28,33,22,32,23,22,35,23,21,19,36,14,11,23,23,10,17,10,11,13,8,7,7,10,11,16,12,16,13,14,12,6,19,7,22,23,13,0,0,0,0,0
50010510000135,0,0,0,0,0,0,0,0,0,0,0,0,0,0,0,0,0,0,0,0,0,0,0,0,0,0,0,0,0,0,0,0,0,0,0,0,0,0,0,0,0,0,0,0,0,0,0,0,0,4,24,13,15,19,16,18,12,21,19,22,15,4,6,4,10,11,7,4,7,5,7,12,5,4,7,12,11,11,10,7,8,7,11,11,14,7,3,0,0,0,0,0
50010510000136,34,18,27,28,17,19,20,19,21,11,14,15,16,17,26,24,20,20,23,21,19,22,27,19,15,11,22,19,20,25,16,40,31,49,46,45,43,32,36,34,37,43,50,36,33,43,31,41,54,48,39,39,41,36,34,46,64,35,33,51,39,14,17,15,18,23,19,12,16,23,22,12,10,17,15,19,23,21,21,21,11,8,22,23,28,17,15,0,0,0,0,0
50010510000137,32,24,31,26,24,20,18,25,20,19,9,11,20,16,32,24,13,25,14,16,37,30,37,20,25,14,13,25,25,23,17,27,25,33,50,77,56,32,31,33,32,56,51,53,27,28,34,30,52,58,51,28,28,31,24,45,55,52,29,31,39,20,26,42,23,16,16,15,14,27,43,27,15,18,16,11,13,21,21,16,14,10,27,18,27,21,19,0,0,0,0,0
50010510000138,2,3,1,2,2,3,0,2,0,1,0,0,3,3,0,2,1,1,0,0,0,2,1,4,6,3,0,0,1,2,0,2,2,0,2,0,5,2,0,2,3,6,4,5,1,1,4,2,5,6,4,7,2,2,0,1,12,3,1,3,4,2,0,1,1,1,1,1,2,3,1,2,1,1,1,1,1,1,3,0,2,0,0,0,0,0,0,0,0,0,0,0
50010510000139,18,11,9,8,9,8,12,3,7,7,4,6,10,12,16,13,13,6,5,8,5,14,16,7,14,4,6,19,9,12,3,14,12,11,20,26,21,18,20,14,13,25,18,31,11,13,6,14,27,33,41,16,18,9,19,24,37,35,17,8,24,6,12,15,16,12,8,10,6,13,18,11,7,5,13,4,8,20,19,5,6,5,6,14,17,18,7,0,0,0,0,0
50010510000140,16,16,9,19,9,9,15,5,13,14,8,8,15,16,21,10,9,5,6,5,12,17,9,8,10,12,8,11,15,15,9,22,25,17,31,24,28,27,21,21,14,29,20,24,19,21,28,18,29,15,33,18,15,11,24,25,16,15,19,26,30,4,7,13,16,8,11,4,10,9,8,8,9,8,6,10,6,14,7,10,11,5,15,13,10,12,9,0,0,0,0,0
50010510000146,8,6,6,10,3,8,3,11,5,10,6,8,7,7,11,9,6,5,5,6,5,12,13,9,6,6,3,4,5,13,8,14,19,16,15,13,22,18,13,15,22,26,13,18,19,18,13,19,18,27,34,18,15,23,19,17,15,20,20,19,9,5,13,17,14,10,7,10,7,7,7,12,8,8,8,11,7,8,12,13,6,5,11,12,7,14,12,0,0,0,0,0
50010510000149,12,21,18,15,16,23,14,9,5,11,6,6,6,9,19,18,9,4,6,4,10,13,15,5,4,4,4,9,19,9,9,10,13,16,10,41,26,13,15,16,9,25,60,27,16,31,20,19,43,48,37,10,6,12,9,8,23,27,9,6,26,8,15,34,21,4,9,7,13,14,19,12,6,5,6,4,3,5,6,9,14,2,1,4,12,4,3,0,0,0,0,0
50010510000151,3,2,8,3,6,4,5,4,4,3,3,3,5,1,5,5,4,4,8,7,4,6,9,8,11,6,4,2,10,5,1,6,4,8,10,7,6,8,12,8,6,3,4,10,14,5,8,7,11,8,15,12,6,8,7,7,10,8,11,14,9,4,6,9,2,8,9,9,7,6,4,5,7,6,6,1,4,2,5,3,10,4,8,3,5,3,4,0,0,0,0,0
50010510000152,13,17,11,12,9,14,12,6,11,5,14,11,8,18,16,11,7,16,11,12,6,16,14,8,11,11,12,15,18,16,10,16,26,30,24,33,29,30,24,31,33,27,44,21,35,24,24,31,44,34,38,28,16,24,25,27,36,21,28,29,34,16,11,18,20,13,12,23,10,8,16,12,14,7,10,13,9,15,14,16,8,8,10,12,14,14,16,0,0,0,0,0
50010510000155,11,11,13,12,8,13,13,15,15,10,10,14,18,19,24,10,11,12,14,11,22,8,11,13,13,15,18,13,13,17,8,29,19,32,29,30,23,23,18,33,18,28,19,25,21,30,28,39,32,35,29,15,26,23,22,24,15,32,33,23,24,11,11,19,8,9,14,21,7,7,5,5,14,15,8,5,16,19,5,6,12,8,17,7,11,12,11,0,0,0,0,0
50010510000158,15,19,10,11,12,13,8,12,8,6,13,9,11,11,20,5,4,11,8,6,7,6,11,13,10,7,13,13,12,13,7,13,20,18,14,32,26,19,11,19,16,13,18,24,24,21,16,17,19,15,18,17,16,22,21,22,23,20,16,24,21,9,9,11,8,10,10,11,5,15,7,12,7,8,12,14,9,12,12,9,4,2,5,6,9,12,4,0,0,0,0,0
50010610001007,11,9,3,5,1,6,11,1,1,3,3,0,1,10,9,7,1,3,4,4,7,10,12,3,2,2,2,7,7,7,2,5,5,8,11,9,12,5,13,1,6,12,11,10,4,6,7,9,13,12,3,1,5,3,6,8,9,10,9,7,8,1,4,1,5,4,3,3,4,3,7,4,4,2,5,5,8,7,13,2,2,0,1,3,2,3,4,0,0,0,0,0
50010610006001,20,19,19,17,15,26,16,14,13,15,8,14,15,14,21,15,11,15,17,19,27,16,25,5,17,17,23,22,16,14,13,30,31,25,39,47,38,17,33,37,37,35,38,40,24,27,32,35,37,43,51,30,42,33,31,44,38,52,28,29,36,13,11,22,19,12,14,18,19,20,22,23,18,8,9,18,19,28,21,17,16,7,20,9,22,21,14,0,0,0,0,0
50010610008003,2,2,3,3,2,0,1,1,1,3,2,1,3,4,4,6,2,2,2,1,6,0,0,0,0,0,0,0,0,0,0,0,0,0,0,0,0,0,0,0,0,0,0,0,0,0,0,0,0,0,0,0,0,0,0,0,0,0,0,0,0,0,0,0,0,0,0,0,0,0,0,0,0,0,0,0,0,0,0,0,0,0,0,0,0,0,0,0,0,0,0,0
50010610009037,22,27,19,16,18,8,10,17,22,9,10,5,7,4,14,29,10,4,8,7,8,15,33,6,9,15,11,10,17,11,6,14,15,17,23,39,24,20,23,13,32,43,40,46,26,23,16,23,21,53,40,22,22,16,17,13,34,28,24,24,24,9,9,15,22,7,9,10,7,8,17,22,10,9,10,7,9,16,25,8,5,4,4,11,15,9,10,0,0,0,0,0
50010710000034,5,9,9,13,14,12,10,14,9,17,15,8,9,11,12,10,12,15,13,6,13,6,10,10,8,10,9,12,7,7,18,19,20,13,18,20,26,20,18,16,20,9,9,13,21,12,18,24,22,23,18,19,28,31,25,18,25,19,11,30,23,12,12,11,13,12,9,5,15,13,10,8,12,9,13,12,14,9,9,12,8,2,9,11,10,8,11,0,0,0,0,0
50010710000042,6,9,4,3,8,6,6,6,4,3,2,5,9,10,7,6,8,5,6,10,7,7,6,7,3,6,12,5,10,7,7,13,16,10,13,14,12,11,18,11,10,16,11,17,7,11,13,11,13,13,9,13,15,11,17,11,15,11,14,11,15,7,4,8,5,5,9,6,7,6,10,5,4,4,6,5,7,7,6,3,4,4,16,2,4,13,8,0,0,0,0,0
50010710000076,5,5,6,9,5,6,15,7,9,9,5,9,3,1,9,12,8,8,9,5,10,10,6,9,10,11,4,9,9,7,10,15,14,27,21,25,19,17,9,16,11,11,12,18,17,14,14,13,17,17,16,12,23,16,13,11,14,24,9,24,9,4,5,7,6,3,6,3,13,6,11,6,9,3,11,9,13,6,12,3,8,5,5,11,8,11,8,0,0,0,0,0
50010710000113,6,9,7,6,7,6,6,5,8,5,4,8,4,2,13,9,4,6,8,9,4,8,5,5,7,6,4,4,8,4,5,6,12,12,14,14,7,14,10,15,10,11,8,5,14,14,9,10,17,13,14,4,13,12,16,11,10,6,12,4,12,7,4,9,4,7,3,8,3,8,7,5,1,2,7,5,6,5,6,4,4,2,6,4,2,5,7,0,0,0,0,0
50010710000114,5,4,9,3,6,6,3,8,5,0,3,6,3,6,6,7,3,2,4,3,2,8,2,4,6,3,5,3,3,4,2,5,5,4,7,6,7,5,15,8,8,6,11,13,4,9,7,4,10,10,15,10,10,8,3,7,3,7,11,8,10,4,2,2,4,2,4,4,4,6,1,3,5,5,3,5,2,4,0,9,2,0,0,1,8,4,4,0,0,0,0,0
50010710000134,2,5,0,3,6,6,4,5,3,4,6,4,4,2,5,1,2,3,3,4,3,8,6,2,7,3,1,4,4,1,2,10,6,4,6,14,5,2,10,9,9,8,7,7,9,6,6,1,9,16,8,13,4,8,2,9,3,4,8,13,7,6,3,4,0,4,7,6,1,3,7,6,5,7,4,3,2,6,0,7,3,5,5,5,0,8,3,0,0,0,0,0
50010710000259,1,4,4,3,1,5,3,4,7,3,1,0,1,1,3,8,3,2,2,3,3,5,5,4,2,4,1,3,5,4,0,7,6,3,7,6,5,3,5,8,2,11,10,10,0,3,1,1,7,5,5,1,6,6,3,1,9,12,3,3,8,0,1,3,4,0,0,4,0,6,4,1,1,2,0,1,3,2,7,1,0,3,2,4,9,9,5,0,0,0,0,0
50010710000274,4,3,7,2,3,1,3,3,3,5,3,5,3,4,5,3,3,3,4,0,4,8,3,4,8,5,4,4,3,4,1,3,5,6,8,9,7,6,10,5,3,8,16,7,10,0,0,0,0,0,0,0,0,0,0,0,0,0,0,0,0,0,0,0,0,0,0,0,0,0,0,0,0,0,0,0,0,0,0,0,0,0,0,0,0,0,0,0,0,0,0,0
50010710000278,7,9,9,5,9,13,9,11,10,4,6,5,9,8,7,11,5,11,9,5,9,5,6,9,4,3,5,8,7,7,6,13,8,22,11,9,16,15,21,18,10,3,16,14,14,8,9,18,18,19,17,13,17,13,13,14,16,23,12,16,6,14,9,3,7,8,10,5,5,7,11,7,5,10,9,9,7,9,6,6,5,8,4,5,10,4,6,0,0,0,0,0
50010710001025,16,8,12,8,20,12,7,9,8,19,12,12,12,9,16,9,16,11,18,10,9,9,14,6,11,10,11,12,11,10,10,21,20,25,17,19,19,14,18,12,25,23,24,15,23,29,26,26,13,23,28,21,17,17,15,16,17,15,17,24,15,11,13,10,5,5,10,11,0,5,10,10,15,11,9,15,15,13,12,10,7,8,11,11,15,16,9,0,0,0,0,0
50010710001029,15,14,11,14,6,10,8,8,8,8,10,8,9,12,9,13,5,13,13,10,9,8,6,12,7,8,12,10,10,13,10,26,17,12,9,19,14,12,16,9,17,22,16,20,16,28,16,19,25,11,16,15,14,23,14,20,24,22,14,17,15,7,8,12,7,5,4,9,11,7,3,14,8,4,8,5,8,7,10,8,5,5,4,8,7,11,7,0,0,0,0,0
50010710001048,8,4,4,5,0,4,4,5,5,7,5,1,4,5,9,5,1,3,2,1,5,4,5,4,1,7,0,0,4,4,7,4,11,11,13,17,18,17,7,12,8,17,13,22,24,13,15,11,15,5,5,9,8,7,9,13,17,8,5,16,11,4,6,8,6,5,7,6,3,1,4,3,6,6,5,6,8,6,5,6,7,1,1,2,2,6,6,0,0,0,0,0
50010710001056,9,14,8,8,5,9,9,3,7,7,5,5,6,14,10,10,10,8,9,11,15,13,5,9,10,5,9,6,13,5,5,20,19,19,20,12,18,18,12,20,10,20,13,19,18,15,12,12,21,18,28,17,15,20,22,20,22,12,11,15,23,8,14,9,10,10,11,6,8,15,11,10,10,13,8,13,14,7,14,7,15,6,14,9,11,10,12,0,0,0,0,0
50010710001083,13,7,6,8,12,5,10,7,9,7,14,8,6,9,6,6,9,5,4,5,13,6,13,6,9,6,6,10,10,5,8,14,21,19,15,20,24,19,11,19,17,9,16,14,14,16,12,13,18,13,13,12,7,27,18,17,14,13,7,17,15,7,7,7,12,13,11,10,3,6,6,3,5,11,8,6,6,5,9,7,7,3,5,4,9,5,9,0,0,0,0,0
50010710001088,27,30,16,25,22,29,20,24,28,34,25,17,29,15,32,28,29,30,30,23,24,30,24,24,22,18,21,27,21,24,22,44,59,44,42,47,87,42,51,47,65,57,63,55,48,59,35,46,65,54,59,42,60,49,58,46,54,47,54,56,46,23,27,26,26,24,18,31,18,23,21,23,18,25,22,15,42,23,43,25,20,16,21,24,24,22,26,0,0,0,0,0
50010810000056,1,2,4,4,3,4,2,4,1,6,1,6,4,7,8,9,5,4,7,5,3,3,6,4,1,3,2,7,19,5,3,10,13,8,9,5,13,6,4,11,13,13,7,5,10,6,8,12,12,9,12,2,10,9,3,10,6,4,4,12,14,2,4,3,6,1,4,8,2,3,8,4,2,6,5,1,3,7,6,5,2,0,3,4,4,3,5,0,0,0,0,0
50010810000081,2,3,1,4,3,2,2,3,5,2,5,4,1,2,3,5,2,2,2,3,3,2,1,1,2,4,0,1,11,2,1,0,1,2,6,7,7,1,7,1,0,0,2,2,4,5,2,10,5,15,6,3,6,2,4,0,3,2,3,6,3,1,4,0,1,0,3,3,3,4,3,1,2,4,4,3,4,0,1,2,2,1,5,5,2,3,1,0,0,0,0,0
50010810000090,7,16,16,23,15,11,6,12,13,10,13,6,11,10,17,13,15,7,15,13,13,14,9,12,12,11,12,11,14,19,9,21,19,27,13,32,33,31,22,25,23,33,18,27,33,24,20,18,28,27,30,22,13,26,25,23,23,21,18,21,23,9,17,16,13,12,13,12,12,17,12,10,11,10,11,14,11,15,13,10,8,9,9,19,9,11,10,0,0,0,0,0
50010810000099,19,15,15,20,11,11,13,11,12,17,11,13,11,16,14,15,14,12,12,21,9,19,13,9,14,14,16,15,16,16,16,24,23,33,23,44,26,30,19,38,37,40,30,35,38,28,18,35,34,36,31,19,34,26,30,29,35,25,23,37,37,8,19,21,16,13,24,15,20,15,27,18,18,17,19,17,9,18,17,21,14,9,17,10,20,20,18,0,0,0,0,0
50010810000101,2,7,4,4,6,3,6,8,6,2,4,8,7,6,6,0,1,4,7,19,12,10,9,7,4,5,8,4,6,7,4,16,15,16,21,11,17,13,10,7,13,12,16,12,6,11,9,10,9,11,7,14,18,9,13,6,8,8,12,12,10,5,5,8,6,5,4,5,1,4,5,2,2,6,1,7,2,3,3,5,4,1,7,2,6,7,5,0,0,0,0,0
50010810000156,15,15,13,7,10,11,5,11,5,6,5,8,7,12,12,11,2,14,23,16,15,7,11,19,6,10,5,17,14,11,9,12,18,23,18,14,25,27,20,26,13,23,14,19,15,17,16,20,20,11,36,17,18,15,25,16,29,13,21,24,29,11,13,14,15,7,9,1,0,15,13,19,6,12,17,9,10,17,8,11,6,5,20,14,18,13,9,0,0,0,0,0
50010810000167,11,15,9,14,5,12,9,8,15,8,6,7,10,10,8,11,10,8,13,6,10,9,8,11,7,10,9,11,10,10,5,15,19,19,12,19,22,17,14,19,9,18,18,21,12,17,19,15,20,21,15,17,14,6,12,14,18,14,18,27,31,8,10,9,5,10,17,5,4,8,9,8,3,4,7,10,6,14,12,9,8,14,13,10,16,6,7,0,0,0,0,0
50010810000192,6,9,10,1,3,6,4,6,4,4,9,5,3,9,7,7,2,6,2,1,8,5,12,5,6,4,6,8,10,9,5,14,10,9,8,10,18,8,4,11,9,12,18,19,10,8,15,7,3,12,10,6,5,1,2,5,11,20,10,5,3,2,4,8,5,3,3,1,9,3,3,6,3,3,1,2,2,1,2,2,4,3,2,5,4,4,4,0,0,0,0,0
50010910000005,12,14,7,5,6,14,7,5,3,12,3,3,7,7,13,10,8,3,6,4,9,18,12,8,5,4,3,10,12,10,2,4,5,5,15,25,19,5,3,8,9,18,24,18,4,6,12,7,30,37,38,1,16,4,5,24,24,22,6,6,7,5,9,15,13,4,4,5,6,14,14,5,6,3,6,2,16,13,16,7,3,2,6,14,10,12,4,0,0,0,0,0
50010910000031,6,8,2,3,3,2,6,5,6,0,1,5,6,4,9,5,1,7,3,3,3,10,7,7,4,2,9,3,6,4,3,4,11,6,6,13,9,3,10,7,9,6,8,4,3,15,12,17,10,8,7,11,10,13,9,7,5,8,10,5,11,3,5,3,3,4,3,5,5,0,6,4,6,2,1,7,2,4,5,5,2,1,5,5,3,8,5,0,0,0,0,0
50010910000044,3,0,1,2,0,1,0,2,0,1,1,0,1,1,0,1,1,2,2,2,1,2,2,1,2,1,2,3,0,0,0,2,2,4,3,0,2,1,5,2,2,1,2,2,3,3,1,1,1,3,5,1,6,0,1,2,3,1,1,0,0,0,1,2,2,0,1,1,1,0,0,2,1,1,1,1,0,0,2,2,3,0,0,0,0,2,0,0,0,0,0,0
50010910000175,3,1,1,3,3,5,1,2,1,4,0,0,3,5,1,3,4,1,1,6,9,5,2,2,3,3,3,2,5,4,1,6,5,1,3,6,4,8,5,6,3,6,6,10,6,7,6,3,10,5,7,4,6,4,2,4,4,3,3,3,6,6,3,3,4,2,2,2,2,3,1,6,2,1,3,2,2,3,3,3,2,1,1,3,1,3,3,0,0,0,0,0
50011010000003,2,3,1,5,1,2,2,2,3,3,2,1,5,4,0,5,0,3,4,4,1,4,3,3,3,4,3,2,4,7,0,5,8,1,5,6,3,2,4,3,3,11,9,9,4,7,8,8,7,7,3,6,7,6,1,7,4,7,8,3,4,3,4,0,1,5,5,4,4,1,3,3,2,2,3,0,1,1,1,0,5,4,3,2,0,3,2,0,0,0,0,0
50011010000006,2,3,3,2,1,3,2,1,3,1,0,1,0,2,3,1,4,3,0,2,1,1,2,3,1,3,3,4,1,1,1,6,5,1,5,7,6,4,2,2,5,0,4,8,3,1,3,3,3,4,6,4,3,5,0,5,5,3,3,4,2,1,3,2,0,3,4,2,4,2,1,0,1,2,1,3,2,2,1,4,2,0,5,2,0,4,2,0,0,0,0,0
50011010000012,2,6,0,2,1,0,1,0,0,1,0,0,2,0,1,0,1,2,1,0,0,2,1,1,1,0,1,0,0,1,0,1,2,1,0,1,2,1,2,1,0,2,3,2,0,1,0,0,0,3,0,0,1,1,2,2,0,1,0,0,1,1,1,1,1,2,1,1,0,1,0,0,0,0,3,1,0,0,0,1,0,0,1,0,1,0,1,0,0,0,0,0
50011010000014,7,5,6,1,3,3,1,2,1,2,2,4,4,2,1,6,2,4,3,0,7,6,5,4,1,1,5,2,2,5,4,6,6,1,3,8,3,4,1,3,7,7,7,4,5,2,5,4,3,10,8,5,1,2,4,3,10,0,1,7,5,2,1,3,2,0,2,0,3,1,1,2,4,3,1,3,3,1,4,1,1,2,2,0,5,1,1,0,0,0,0,0
50011010000020,9,8,2,10,1,2,2,1,1,1,1,2,3,1,4,3,2,2,1,4,0,3,4,1,2,2,0,3,0,1,1,4,2,5,2,12,4,11,7,7,6,5,4,1,5,4,3,1,5,6,2,3,1,3,2,7,3,1,3,7,3,3,3,3,3,0,3,2,0,2,5,0,2,3,2,2,4,1,0,0,0,3,4,3,4,3,2,0,0,0,0,0
50011010000021,11,5,7,5,5,4,2,3,3,3,1,3,0,6,10,7,0,2,0,0,0,0,0,0,0,3,1,5,6,7,8,2,5,11,7,16,6,3,5,2,7,20,11,6,3,5,6,5,9,11,8,7,1,4,3,8,15,8,1,4,2,2,4,4,7,0,0,2,2,10,10,9,2,2,1,4,10,7,5,2,2,0,2,4,5,3,3,0,0,0,0,0
50011010000025,3,3,0,2,2,0,1,3,2,2,2,0,3,2,3,5,1,0,0,2,4,4,2,1,2,1,4,1,4,1,2,1,0,7,4,4,3,2,4,4,2,5,5,5,4,5,3,6,1,6,4,3,4,3,2,7,3,5,5,5,6,5,5,5,2,1,1,1,1,2,0,2,1,2,1,0,0,0,0,0,0,0,0,0,0,0,0,0,0,0,0,0
50011010000029,2,1,5,4,2,2,2,3,2,2,0,2,5,5,4,5,10,3,3,3,5,4,6,4,2,3,1,2,5,7,0,4,7,9,11,10,13,7,3,4,9,11,8,9,4,7,7,6,7,13,13,6,4,3,7,7,19,17,6,11,8,3,4,9,2,3,2,5,6,7,0,5,2,3,5,5,5,9,4,2,3,0,6,1,2,7,3,0,0,0,0,0
50011010000032,8,9,8,5,4,6,4,7,2,4,3,1,1,6,3,8,2,3,4,1,8,17,13,2,8,1,6,5,6,6,7,2,6,8,13,12,12,1,1,6,8,11,12,10,8,5,9,7,11,11,10,2,7,3,11,32,22,10,6,9,8,1,2,10,6,0,3,4,4,4,3,12,6,7,5,13,10,10,7,3,8,2,3,7,5,4,2,0,0,0,0,0
50011010000038,5,2,3,4,4,4,0,1,4,1,1,3,2,2,5,5,3,3,4,1,1,1,2,5,4,0,1,3,2,0,4,3,5,10,4,5,11,8,4,2,4,9,6,2,2,1,4,6,3,6,6,6,2,2,3,8,4,4,6,4,5,3,1,0,5,1,1,2,1,5,4,6,3,4,4,0,1,3,6,4,4,3,4,4,2,2,6,0,0,0,0,0
50011110000005,9,0,3,3,8,4,3,5,2,5,8,0,0,0,5,10,3,13,5,7,8,7,17,4,2,1,4,5,9,9,7,16,11,9,9,19,20,11,10,11,12,12,18,13,6,4,6,2,17,17,18,12,12,15,13,11,12,22,16,5,16,7,3,8,7,4,0,1,7,4,3,9,3,10,5,9,8,11,8,6,7,6,3,2,6,7,9,0,0,0,0,0
50011210000025,9,11,12,9,6,15,7,3,7,4,1,6,4,5,8,8,3,4,6,9,12,6,5,5,10,4,5,10,3,4,5,11,10,20,16,18,13,13,17,18,21,9,12,11,15,22,9,7,18,9,9,11,15,20,10,23,0,14,13,15,12,6,7,13,8,8,8,8,10,8,5,14,6,10,6,3,8,10,8,7,7,3,2,7,8,6,3,0,0,0,0,0
50011210000058,6,6,10,8,3,2,7,0,1,1,1,0,2,6,2,10,0,0,2,0,3,6,3,2,1,2,2,3,4,3,0,3,5,1,5,6,9,0,4,4,4,4,10,11,3,4,4,3,8,2,10,0,1,0,5,3,9,11,5,4,7,4,1,2,5,2,1,1,0,1,4,4,0,4,3,1,1,4,5,0,0,0,0,1,1,6,1,0,0,0,0,0
50011210000098,15,10,17,17,13,13,8,11,12,14,7,11,8,18,23,19,19,19,17,20,17,20,13,16,18,11,14,20,20,19,16,20,25,27,28,44,28,26,28,24,29,27,43,33,13,33,25,24,32,42,35,37,24,30,21,41,40,36,33,32,34,23,11,29,21,17,14,12,12,9,17,25,6,9,11,6,15,24,15,6,8,13,10,12,14,20,9,0,0,0,0,0
50011210000111,9,5,5,2,8,3,6,6,5,7,8,8,7,7,2,7,4,5,6,3,5,1,3,3,4,7,3,1,1,8,4,6,8,6,10,13,10,6,8,8,4,5,8,6,3,5,8,3,4,11,6,6,6,8,6,3,7,8,3,2,5,3,2,2,4,2,4,0,3,1,3,4,2,7,1,1,7,2,4,2,1,1,4,2,2,4,4,0,0,0,0,0
50011210000113,6,6,8,5,5,3,4,3,5,4,4,1,3,3,4,3,0,6,4,3,4,5,4,3,10,5,1,6,6,9,2,7,9,8,7,13,10,11,8,9,8,15,11,15,8,12,9,5,12,2,9,6,7,1,9,5,9,5,8,4,11,5,5,3,6,2,1,6,9,3,6,2,4,3,5,3,0,7,3,4,5,3,2,3,2,3,3,0,0,0,0,0
50011210000147,8,10,10,5,5,4,3,4,5,3,3,2,3,4,6,6,2,7,3,1,2,8,7,4,3,4,7,0,5,9,5,9,10,9,10,9,12,8,6,9,9,10,12,14,8,3,4,4,9,12,7,6,3,6,11,8,13,12,9,14,12,5,9,5,2,2,2,5,4,5,8,8,9,6,1,3,4,7,6,5,10,2,4,5,4,5,5,0,0,0,0,0
50011210000157,31,34,30,29,23,30,28,33,32,24,26,26,31,26,38,23,28,21,37,23,26,33,29,26,26,18,24,28,27,24,28,47,45,40,48,80,46,38,43,51,53,68,55,50,41,30,35,40,54,46,38,30,40,34,43,45,41,33,33,33,58,18,20,33,28,23,19,18,18,21,36,24,25,23,17,33,28,20,30,21,23,13,27,32,27,28,27,0,0,0,0,0
50011210000162,3,2,6,3,5,0,3,1,0,0,0,3,2,0,1,6,2,3,1,5,2,7,1,4,1,4,5,2,2,4,2,10,5,4,6,5,2,5,10,2,7,4,9,4,9,9,7,8,13,8,10,7,5,4,5,8,5,8,6,9,5,4,3,6,2,2,2,4,3,1,3,2,3,4,2,2,1,3,3,6,3,1,3,2,0,3,1,0,0,0,0,0
50011310000042,5,4,7,4,5,3,5,5,7,6,3,5,2,5,5,6,6,4,1,2,7,9,2,4,2,2,6,4,2,7,11,11,10,8,12,7,10,12,10,11,11,11,8,12,6,7,6,6,8,7,13,11,7,10,5,11,14,15,9,8,11,5,6,2,5,1,8,5,2,10,7,7,4,4,4,8,5,2,4,4,4,0,3,1,5,4,3,0,0,0,0,0
50011310000052,10,9,5,4,6,7,6,5,8,9,5,3,3,6,4,7,11,1,3,2,4,6,7,7,10,10,6,1,4,5,9,13,15,6,7,22,22,22,16,14,17,18,11,18,16,12,3,11,13,20,16,10,14,13,9,7,17,6,15,9,16,7,7,12,7,8,6,5,2,5,4,8,9,7,2,4,4,9,6,6,6,1,4,7,5,4,9,0,0,0,0,0
50011310000056,1,3,4,6,8,5,3,1,0,2,6,3,2,2,2,4,3,5,3,4,2,9,6,8,6,3,4,7,3,3,2,10,8,4,7,9,6,8,8,6,4,9,6,6,11,9,7,6,3,6,12,15,9,7,7,10,8,2,8,14,3,4,5,2,2,2,2,3,3,3,0,0,0,1,1,5,2,10,9,6,7,4,3,5,4,2,5,0,0,0,0,0
50011310000073,10,10,8,11,10,5,9,9,11,8,1,3,9,10,11,10,9,6,5,3,4,12,11,7,4,6,4,13,16,11,5,10,11,15,26,14,24,17,16,10,17,17,14,20,6,9,10,11,20,22,23,16,8,12,24,24,23,17,20,3,7,6,11,9,14,6,5,3,3,6,11,7,8,2,3,2,5,3,3,2,5,1,6,6,9,6,12,0,0,0,0,0
50011410000012,1,1,4,3,1,1,4,4,1,0,2,1,2,1,4,0,1,1,0,2,1,4,2,0,1,2,1,4,3,4,0,2,0,0,7,1,2,0,0,0,3,4,1,0,1,0,4,3,4,4,0,0,1,0,1,1,10,3,1,1,0,0,2,1,3,0,0,1,1,1,0,1,0,1,1,0,2,2,4,0,2,0,0,1,7,2,0,0,0,0,0,0
50011410000038,6,5,3,3,7,3,7,5,1,0,1,4,1,1,6,6,3,3,3,2,1,8,4,1,2,2,2,7,9,2,2,1,3,4,1,6,11,4,7,8,1,9,10,8,4,3,7,5,5,11,7,9,4,5,4,3,3,5,3,2,4,2,2,6,6,3,4,2,3,2,8,6,2,5,11,7,4,5,9,4,4,1,0,0,0,0,0,0,0,0,0,0
50011510000011,4,7,2,4,3,2,2,1,2,0,4,6,1,5,4,2,2,3,4,3,1,4,3,3,3,3,4,4,3,3,3,7,4,4,8,8,3,4,3,7,7,7,4,7,4,6,6,11,4,4,5,9,7,11,4,5,3,6,2,6,6,5,5,2,2,1,3,0,1,4,7,2,3,4,1,4,4,5,3,4,2,2,1,3,3,4,2,0,0,0,0,0
50011510000077,7,10,9,6,6,3,7,14,7,11,5,5,2,2,7,11,3,3,3,5,7,9,6,6,0,6,7,8,14,8,6,9,12,6,12,28,16,12,10,5,8,12,17,20,7,3,4,10,10,28,15,13,5,10,14,13,0,0,6,8,15,4,3,12,13,6,5,5,6,8,15,13,4,13,9,3,9,8,3,3,2,1,1,8,14,10,9,0,0,0,0,0
50011610000014,4,4,6,7,11,4,1,8,4,9,2,5,1,3,3,1,1,2,0,0,3,1,2,3,2,3,3,2,5,2,1,4,6,8,5,4,4,2,5,5,1,1,5,7,2,5,5,3,2,3,1,1,3,0,5,4,1,7,4,3,5,2,2,1,0,1,2,1,1,2,2,3,5,2,2,3,3,1,3,2,3,0,1,3,1,4,1,0,0,0,0,0
50011610000026,1,1,2,0,1,0,2,1,3,2,1,0,0,1,2,2,2,2,0,0,0,0,0,0,1,0,2,0,0,1,0,0,3,0,5,1,3,1,1,3,4,3,3,3,2,1,6,5,4,3,3,4,2,5,5,6,1,3,2,0,1,2,4,1,0,2,2,1,2,1,0,1,1,1,3,2,2,1,2,1,1,0,1,2,1,1,3,0,0,0,0,0
50011610000037,3,4,1,3,9,0,1,2,2,0,2,5,0,2,0,1,2,2,3,3,3,2,5,1,3,2,4,4,2,2,0,3,5,1,1,9,9,3,2,8,4,9,5,6,5,2,6,3,8,11,10,6,6,9,13,11,17,4,4,4,1,2,5,5,3,7,2,3,2,1,9,6,3,5,5,4,5,5,2,3,3,2,5,2,3,7,1,0,0,0,0,0
50011610000052,3,7,11,2,11,5,4,0,4,1,1,0,1,3,8,5,1,3,1,2,1,2,5,2,0,0,1,4,9,7,1,1,2,2,8,8,8,5,1,4,3,1,6,6,3,1,1,2,5,14,4,4,3,5,3,11,7,10,5,4,2,2,5,7,8,2,1,0,1,1,6,3,0,1,1,2,1,6,5,3,0,1,1,0,4,5,2,0,0,0,0,0
50011610000073,5,4,2,1,3,1,0,1,0,0,1,0,0,2,0,0,0,0,1,0,0,0,0,1,0,0,0,1,1,1,1,1,0,0,3,2,3,0,0,0,0,0,1,3,2,1,0,0,0,0,0,0,1,0,0,1,2,1,0,0,1,0,1,1,1,1,0,0,0,1,0,0,0,0,0,0,2,0,1,0,0,0,0,0,0,0,1,0,0,0,0,0
50011610000105,0,0,0,1,2,3,1,3,1,1,1,2,2,0,0,0,0,3,0,1,1,0,1,2,0,2,3,4,2,0,0,2,4,2,3,4,4,3,3,2,0,1,2,1,3,3,3,4,0,2,0,1,1,0,0,1,3,1,0,1,2,1,0,0,3,1,1,2,0,2,2,2,1,0,0,1,0,0,0,0,2,0,1,4,0,0,0,0,0,0,0,0
50011610000110,17,24,10,4,4,11,14,14,6,11,11,4,10,7,14,14,7,9,8,8,10,22,9,5,10,12,17,13,9,19,8,11,15,26,29,25,31,18,16,22,25,28,34,37,15,28,21,29,27,45,36,30,22,21,28,14,23,39,37,17,15,14,12,20,11,3,4,5,10,10,18,12,8,10,8,16,5,12,17,5,11,3,7,15,18,14,2,0,0,0,0,0
50011710000003,5,1,5,2,2,3,1,2,3,2,4,0,4,3,3,2,5,3,5,1,1,4,2,5,2,3,6,2,6,3,1,5,5,3,7,8,6,7,7,5,4,11,8,7,8,5,5,3,7,10,4,6,2,9,6,3,7,3,4,4,8,2,6,4,2,5,1,4,3,3,2,3,1,4,2,2,3,6,3,1,4,4,2,1,1,5,1,0,0,0,0,0
50011710000004,14,11,11,7,15,12,9,13,11,12,10,13,23,20,17,22,13,16,9,20,21,19,23,18,19,21,12,13,13,12,9,35,28,22,35,55,26,20,24,24,27,31,27,32,23,20,30,23,34,52,27,23,30,29,25,38,55,36,25,33,34,13,21,18,20,16,17,19,21,22,26,18,10,22,18,18,20,30,25,21,22,18,18,27,13,12,20,0,0,0,0,0
50011710000006,5,8,7,3,11,6,9,3,5,1,2,3,2,9,12,10,3,1,5,6,4,8,7,1,3,2,6,9,6,8,4,11,7,9,18,13,20,2,12,4,1,2,8,11,5,7,6,7,11,22,15,0,8,4,5,11,10,6,6,1,6,0,13,1,3,1,3,1,2,4,2,9,3,3,0,2,6,5,9,2,6,0,0,3,6,4,1,0,0,0,0,0
50011710000011,0,1,1,1,0,1,0,1,0,1,0,2,1,3,2,2,0,0,0,1,0,1,6,2,1,1,2,2,1,2,1,1,0,1,3,5,3,0,0,0,0,2,3,3,3,2,0,1,5,4,0,1,3,2,0,0,1,8,1,1,4,1,2,0,1,1,1,2,0,2,0,1,2,0,0,0,0,1,2,1,0,0,2,1,2,2,3,0,0,0,0,0
50011710000016,1,0,1,2,0,1,0,2,1,0,0,0,1,1,0,0,1,0,0,0,0,0,0,0,1,0,2,1,2,0,0,1,0,1,1,0,5,0,1,1,0,0,3,1,0,0,1,0,0,0,1,2,0,5,2,2,1,1,1,1,3,0,0,0,0,0,0,0,1,0,1,1,0,1,0,0,1,0,0,1,0,0,0,2,1,1,0,0,0,0,0,0
50011710000018,4,3,6,5,7,5,2,1,3,0,3,2,5,2,3,1,1,1,0,2,2,0,2,1,0,0,4,1,2,6,3,6,1,5,9,4,4,7,6,9,8,1,1,1,2,9,7,10,7,6,3,3,4,3,2,11,6,2,7,6,4,2,2,3,0,4,0,3,4,3,4,1,6,3,4,5,4,3,3,3,4,2,3,2,4,3,2,0,0,0,0,0
50011710000022,5,2,3,3,6,3,3,7,4,2,3,2,5,6,6,5,2,1,0,0,3,8,5,4,3,1,2,2,8,7,2,7,5,6,12,12,10,1,8,6,5,6,17,8,7,5,5,6,6,15,8,7,3,7,7,5,16,12,5,5,8,4,4,8,4,4,1,4,4,4,12,8,2,5,4,3,7,6,5,2,2,1,2,0,5,4,2,0,0,0,0,0
50011710000023,3,4,2,4,2,1,1,3,1,8,4,0,1,2,4,3,2,1,0,3,2,1,2,3,5,4,3,4,1,2,1,3,4,5,8,8,4,4,5,4,3,1,8,4,1,5,5,3,7,2,3,5,3,1,7,4,2,2,4,1,3,2,1,2,2,1,1,3,2,1,0,1,2,1,0,0,0,3,1,2,2,1,0,0,0,1,0,0,0,0,0,0
50011710000026,4,7,6,3,4,4,5,3,5,9,8,8,9,9,12,9,12,11,6,11,12,12,10,12,10,1,12,11,11,11,8,35,18,22,21,27,23,19,16,23,17,23,11,16,16,18,15,17,24,16,24,15,14,17,16,14,12,19,6,12,11,5,3,5,6,5,7,8,2,7,7,10,7,3,2,8,11,7,6,7,7,5,4,7,6,5,5,0,0,0,0,0
50011710000027,9,9,6,8,5,4,4,5,2,3,7,4,2,2,3,6,0,3,4,4,6,8,3,4,6,3,6,5,3,3,2,8,6,9,9,16,6,6,1,6,9,10,6,15,9,8,8,18,9,13,10,10,6,10,5,9,9,18,5,6,3,1,5,12,4,1,1,4,5,4,6,4,2,2,3,4,5,11,4,4,6,1,6,7,9,3,2,0,0,0,0,0
50011710000030,7,10,9,6,7,6,7,2,4,2,1,3,3,11,5,2,5,3,3,3,6,5,1,2,3,4,4,5,5,1,1,0,0,0,0,0,0,0,0,0,0,0,0,0,0,0,0,0,0,0,0,0,0,0,0,0,0,0,0,0,0,0,0,0,0,0,0,0,0,0,0,0,0,0,0,0,0,0,0,0,0,1,2,7,23,22,7,0,0,0,0,0
50011710000038,3,8,7,4,7,7,5,8,3,7,5,8,4,5,3,10,3,3,3,7,4,9,6,10,6,3,9,8,1,6,4,17,12,9,14,19,12,14,14,11,11,11,7,12,12,11,15,10,13,17,15,16,10,13,15,8,15,11,19,8,8,8,9,9,6,2,7,7,8,5,8,1,4,6,8,6,6,11,6,6,5,7,5,6,5,4,4,0,0,0,0,0
50011710000039,25,10,19,20,26,19,17,14,11,9,20,7,10,12,29,10,9,13,13,10,15,23,15,20,17,10,19,26,23,19,10,34,24,24,34,50,29,18,18,15,18,40,48,37,20,20,21,21,42,53,33,29,21,37,23,45,55,47,13,16,15,18,28,27,28,8,15,10,12,10,22,21,22,17,14,20,22,26,24,12,14,5,7,10,31,17,12,0,0,0,0,0
50011710000041,2,3,0,4,1,5,1,1,1,0,0,0,0,1,1,3,1,1,0,0,2,0,0,1,1,0,1,1,0,3,2,0,0,2,2,2,5,3,0,1,0,2,1,2,0,1,4,2,4,0,5,2,0,0,0,3,2,3,1,0,0,1,2,3,0,0,1,0,0,2,0,4,1,1,0,0,4,0,0,0,1,1,0,1,0,1,1,0,0,0,0,0
50011710000042,6,3,5,4,3,1,2,2,2,2,2,2,2,9,5,4,2,0,1,1,6,11,0,1,2,2,4,4,4,1,2,4,8,1,13,11,6,7,8,3,4,0,6,1,3,2,2,0,1,16,1,6,1,2,0,1,3,3,3,2,4,2,3,1,1,2,2,1,0,0,4,0,0,1,2,1,0,7,2,2,1,0,0,0,3,2,1,0,0,0,0,0
50011710000043,4,3,2,4,3,1,4,2,3,3,3,3,3,2,2,5,2,1,1,5,1,3,3,1,2,2,5,5,5,2,2,4,2,7,10,7,11,4,6,10,8,8,2,7,10,4,4,4,9,4,10,9,6,10,5,10,8,7,5,5,6,4,4,7,3,5,3,3,3,3,5,1,4,4,3,6,4,5,3,3,2,1,3,2,6,4,2,0,0,0,0,0
50011710000050,2,2,0,0,2,1,1,0,0,3,0,0,5,0,0,0,5,3,1,1,3,1,1,0,1,2,1,2,0,2,2,3,1,1,0,3,0,0,2,1,2,6,3,5,4,3,2,0,3,2,6,3,4,5,0,2,2,1,6,5,2,3,1,1,0,4,1,1,0,1,3,1,3,1,2,2,3,0,4,0,2,0,3,1,0,1,1,0,0,0,0,0
50011710000053,5,3,5,2,2,6,7,2,2,3,3,4,1,2,3,2,2,1,3,1,5,5,2,2,3,3,2,3,2,3,1,5,3,5,6,7,10,7,8,9,4,3,6,7,6,6,6,5,3,7,6,7,3,4,5,3,4,3,4,2,5,1,6,3,4,2,3,0,6,0,2,2,5,5,4,2,4,3,5,0,3,2,1,1,3,2,5,0,0,0,0,0
50011710000058,24,20,17,16,11,5,11,11,8,12,9,13,7,7,21,21,4,7,7,11,13,20,13,3,5,4,10,15,14,14,0,15,9,15,26,26,15,18,16,15,7,11,32,22,14,10,11,16,19,42,24,12,22,22,31,20,27,20,11,10,16,0,15,14,12,2,1,2,1,8,13,15,4,3,5,7,4,12,14,1,2,1,1,2,19,10,2,0,0,0,0,0
50011710000063,15,9,11,7,8,11,14,4,3,7,4,5,6,14,11,6,4,1,10,7,12,14,11,1,8,5,1,10,8,13,8,10,12,10,14,27,18,7,15,11,15,26,40,26,12,13,9,12,23,26,18,10,12,15,12,16,30,26,13,10,5,7,11,14,13,6,9,7,9,5,9,15,9,7,8,8,10,18,11,6,5,5,1,3,20,11,7,0,0,0,0,0
50011710000064,31,31,29,22,9,25,17,18,32,24,20,27,21,32,34,44,24,18,21,20,15,28,19,26,13,21,15,19,26,30,20,26,29,36,31,41,63,47,45,37,58,47,58,66,34,35,33,44,46,73,89,44,49,43,69,43,69,85,37,55,35,21,31,29,34,26,26,19,30,19,23,32,27,23,20,7,8,42,32,17,22,22,20,18,31,48,22,0,0,0,0,0
50011710000067,5,1,2,1,2,4,2,1,0,0,0,1,0,1,1,1,2,0,0,0,1,2,5,0,1,2,1,1,0,2,1,2,1,1,1,0,6,1,1,1,0,0,3,4,0,2,3,0,0,3,4,0,2,0,1,2,2,1,3,5,4,1,1,1,0,0,0,2,0,0,3,0,0,3,0,1,2,0,2,0,1,0,0,2,2,1,0,0,0,0,0,0
50011710000069,1,1,2,1,3,2,1,6,2,2,0,1,1,5,3,3,2,1,1,2,2,2,2,1,2,2,2,3,0,5,2,5,4,5,3,9,7,2,6,2,8,3,3,1,5,2,1,4,2,6,3,7,6,6,5,6,0,3,4,3,5,3,2,3,0,1,2,2,1,3,4,1,2,0,4,4,2,3,2,2,2,3,4,2,2,1,3,0,0,0,0,0
50011710000070,8,6,8,14,9,13,8,8,4,3,4,3,9,9,4,4,4,4,0,6,6,2,10,3,5,4,3,3,3,3,4,10,8,8,7,11,13,8,6,11,6,10,10,6,6,6,9,12,15,7,15,4,15,6,15,11,15,5,10,12,6,3,8,3,4,3,1,2,4,5,3,6,5,5,5,6,6,6,2,9,4,6,4,3,1,6,4,0,0,0,0,0
50011710000085,0,0,0,0,1,2,0,1,0,0,0,1,3,0,2,0,0,0,1,2,2,1,1,0,0,0,1,1,1,1,1,0,0,0,3,1,0,1,3,1,2,0,3,0,0,0,0,1,0,0,0,0,0,0,0,2,0,1,0,0,0,1,0,0,0,1,0,0,2,1,0,2,0,0,0,1,0,1,0,0,0,0,0,0,0,1,1,0,0,0,0,0
50011710000092,2,2,1,3,5,1,7,2,0,1,1,3,2,2,3,2,3,0,2,0,4,5,6,4,3,3,4,2,6,5,2,2,6,11,8,8,9,6,9,4,10,0,6,3,0,5,2,7,4,4,3,5,5,1,4,2,5,5,1,4,1,3,1,3,3,0,2,2,0,0,1,3,2,0,4,3,3,3,1,3,3,1,1,2,1,2,1,0,0,0,0,0
50011710000093,0,0,0,0,0,0,0,0,0,0,0,0,0,0,0,0,0,0,0,0,0,0,0,0,0,0,0,0,0,0,0,0,0,0,0,0,0,0,0,15,25,26,22,16,17,17,18,22,28,24,22,17,23,15,18,21,38,23,15,16,18,14,14,15,11,7,8,5,13,19,17,6,10,13,12,11,12,27,14,12,6,8,5,8,13,14,16,0,0,0,0,0
50011710000094,0,0,0,0,0,0,0,0,0,0,0,0,0,0,0,0,0,0,0,0,1,1,1,0,0,1,4,1,1,0,0,2,2,1,1,4,6,2,0,1,0,5,5,5,0,2,1,3,5,2,6,1,0,0,0,5,5,11,0,2,2,2,0,1,1,1,0,0,1,3,2,4,0,3,2,1,5,2,3,0,3,0,1,2,4,3,1,0,0,0,0,0
50011710000095,5,4,3,4,6,7,2,4,5,2,4,4,0,2,2,4,3,3,0,5,2,4,3,4,4,3,4,6,3,3,3,8,2,6,5,7,4,11,1,3,0,4,6,4,5,6,5,5,7,7,4,6,6,8,7,3,8,4,8,3,8,7,9,4,6,5,3,5,4,6,8,5,5,4,4,2,1,6,6,5,6,4,4,5,4,6,6,0,0,0,0,0
50011710000098,1,5,2,1,1,0,1,0,0,1,0,2,0,0,0,1,2,0,0,1,0,0,1,0,0,0,0,0,0,0,0,0,0,0,0,0,0,0,0,0,2,1,1,1,1,1,1,3,0,2,0,1,4,1,0,0,1,0,0,0,1,0,0,2,0,0,1,1,1,0,0,1,0,1,0,0,0,2,1,0,2,0,1,0,0,0,0,0,0,0,0,0
50011710000100,1,1,1,0,0,0,0,0,0,0,0,0,0,0,0,1,0,0,0,1,0,0,0,1,0,0,0,0,0,0,0,0,0,0,0,1,0,0,0,0,0,0,0,0,0,0,0,0,0,0,0,0,0,0,0,0,0,0,0,0,0,0,0,0,0,0,0,0,0,0,0,0,0,0,0,0,1,0,0,0,0,0,0,0,0,0,0,0,0,0,0,0
50011710000107,3,1,2,1,0,1,0,1,0,2,0,1,0,0,0,0,1,0,2,0,1,0,0,0,0,0,0,0,0,1,0,2,4,2,2,3,5,4,2,0,3,0,1,4,1,1,0,2,1,0,2,0,0,3,1,0,0,1,2,1,2,0,1,0,1,0,2,0,0,0,2,2,0,2,0,0,1,1,1,0,0,0,0,0,1,0,1,0,0,0,0,0
50011710000118,1,3,2,0,2,2,1,1,2,2,1,0,0,2,1,2,0,0,1,1,1,1,2,0,0,0,0,2,0,1,0,2,0,2,1,1,2,2,1,0,1,1,0,0,0,1,0,0,1,7,0,2,0,1,2,0,2,4,0,8,2,0,0,1,2,0,0,1,0,1,2,3,3,1,2,4,1,1,2,0,0,1,3,6,1,4,1,0,0,0,0,0
50011710000122,19,18,12,15,10,21,21,7,5,1,5,5,4,7,12,13,4,3,2,3,9,12,18,6,5,2,2,6,9,8,2,9,4,7,18,36,26,4,2,5,8,14,35,29,9,8,6,12,10,32,30,10,11,4,8,12,23,30,3,5,3,5,12,15,11,2,5,7,2,6,5,10,2,3,2,6,2,21,20,7,2,1,4,1,7,12,4,0,0,0,0,0
50011710000124,5,4,2,6,4,8,5,6,4,2,6,6,3,12,8,10,6,2,2,3,9,7,6,5,5,3,3,10,10,5,3,10,9,15,18,25,8,13,13,4,16,12,21,21,6,9,6,4,12,19,21,10,5,7,10,10,16,22,8,5,10,5,6,7,9,5,6,10,6,5,10,2,2,8,5,3,11,11,7,2,2,4,2,4,4,3,6,0,0,0,0,0
50011710000131,14,12,11,6,6,12,6,5,11,6,3,12,7,8,5,7,7,10,6,4,8,6,7,8,4,5,6,8,5,12,0,10,6,4,9,20,18,4,15,13,19,16,21,20,3,9,5,8,4,14,21,11,6,13,7,11,13,10,6,7,6,4,2,6,9,5,9,8,5,10,12,13,3,1,9,4,4,8,6,3,5,2,2,1,7,8,1,0,0,0,0,0
50011710000134,6,4,6,4,5,2,7,5,7,9,3,2,1,2,3,4,5,1,4,8,6,4,10,1,1,4,3,3,2,3,0,5,8,4,11,10,10,5,3,10,9,6,8,9,2,1,3,4,3,7,10,5,4,8,4,6,1,13,6,5,7,3,0,3,5,1,2,5,4,5,3,3,2,2,0,1,1,3,5,1,3,0,7,2,1,3,2,0,0,0,0,0
50011710000136,8,12,9,14,11,10,14,6,8,4,6,7,6,9,17,6,7,6,12,7,13,14,8,5,9,5,10,8,20,10,7,12,18,12,25,22,29,15,11,5,12,17,38,22,10,17,15,15,16,29,28,20,24,16,26,22,33,19,13,14,14,11,17,10,11,9,11,3,6,12,15,18,6,7,9,11,8,19,10,7,1,1,0,1,16,10,9,0,0,0,0,0
50011710000154,0,0,0,0,0,0,0,0,0,0,0,0,0,0,0,0,0,0,0,0,0,0,0,0,0,0,0,0,0,0,0,0,0,0,4,15,3,4,3,6,6,9,7,10,1,13,6,6,6,12,14,2,13,5,6,6,15,21,9,7,10,3,7,9,5,3,2,6,5,7,7,1,3,3,7,5,4,4,3,4,1,1,2,2,7,3,3,0,0,0,0,0
50011710000163,16,12,8,10,7,21,6,16,8,12,6,13,11,24,17,16,13,19,12,7,15,15,18,12,9,7,15,17,11,12,10,22,20,26,33,25,21,11,17,17,21,38,16,21,37,20,21,16,36,30,23,21,17,21,18,30,15,30,16,15,23,11,11,7,9,11,8,10,11,17,14,7,9,10,8,16,23,16,16,13,16,8,13,16,7,9,10,0,0,0,0,0
50011810000015,8,10,3,3,5,4,4,10,9,0,0,1,1,4,13,9,0,1,0,2,4,12,9,0,0,0,0,5,8,9,0,0,2,0,11,16,11,0,0,0,1,7,16,10,0,0,0,0,9,23,12,0,6,1,3,10,20,10,1,1,2,2,10,6,3,1,0,1,0,8,12,6,1,1,1,0,4,9,9,0,0,0,0,0,4,5,0,0,0,0,0,0
50011810000033,4,6,7,1,11,2,8,12,7,3,5,4,3,7,3,6,1,5,4,5,4,9,7,2,9,3,14,6,2,6,3,6,14,3,7,12,11,6,8,5,12,10,14,12,7,5,5,3,9,13,14,2,6,8,5,7,12,8,2,4,0,1,5,15,3,2,1,0,1,4,8,6,4,2,3,2,5,7,6,2,5,3,6,7,9,5,3,0,0,0,0,0
50011810000096,1,2,2,2,2,0,1,1,1,2,0,0,0,1,2,1,0,0,0,1,2,1,0,0,0,0,1,2,6,1,0,2,0,0,3,6,8,0,1,0,1,1,7,2,0,2,3,1,0,1,3,0,0,0,0,2,0,1,0,0,0,0,1,0,0,0,0,0,1,0,2,0,0,1,1,1,0,0,0,0,0,0,0,0,0,0,0,0,0,0,0,0
50015310000026,15,6,11,8,11,2,6,11,13,10,10,10,11,6,15,6,6,7,8,8,8,10,6,7,14,11,10,9,10,15,10,21,19,13,13,12,13,31,13,11,19,15,1,7,7,11,19,19,24,23,13,14,10,11,17,15,12,20,19,22,14,8,6,6,5,4,5,0,4,6,7,6,6,12,6,10,0,0,3,10,5,3,10,8,8,16,10,0,0,0,0,0
50015310000034,40,20,25,24,20,23,20,9,9,3,0,14,12,10,14,13,8,7,7,7,7,9,4,9,6,4,7,5,8,11,9,16,21,11,15,18,21,16,15,15,11,11,13,12,15,13,16,11,14,19,18,11,15,16,5,22,14,17,0,4,14,1,1,12,12,10,5,6,12,11,5,6,6,5,9,4,7,8,6,2,9,1,0,0,0,0,7,0,0,0,0,0
50022210000010,1,6,0,2,1,10,1,0,0,0,0,1,1,0,3,1,0,0,1,0,0,3,1,0,1,0,0,0,2,1,1,1,2,0,0,4,0,1,1,0,0,2,0,1,3,2,1,2,1,7,2,5,1,1,6,1,0,2,2,4,0,0,0,0,0,0,0,0,0,0,0,0,0,0,0,0,0,0,0,0,0,0,0,0,0,0,0,0,0,0,0,0
50022210000011,4,8,6,10,3,6,2,6,3,5,3,1,2,0,2,3,2,1,3,7,1,9,5,1,4,1,4,2,2,3,5,5,3,3,4,10,7,3,6,4,5,1,11,7,2,5,3,5,8,7,7,3,7,10,2,10,13,7,7,8,3,5,4,4,1,6,3,4,2,3,3,3,1,4,2,1,4,4,2,2,4,1,3,0,4,2,3,0,0,0,0,0
50022210000013,8,10,3,3,4,6,3,7,7,3,4,3,4,3,4,1,5,6,3,6,3,6,3,5,5,4,3,4,7,3,1,9,12,5,8,14,11,9,5,8,13,8,9,7,11,9,16,13,14,16,12,14,9,8,7,14,8,11,11,2,9,3,3,2,4,5,4,12,2,7,9,6,3,4,5,10,4,9,5,6,3,1,4,2,3,3,10,0,0,0,0,0
50022210000016,3,5,2,4,3,1,5,4,2,3,0,2,3,1,2,5,1,2,3,2,1,6,4,2,4,3,4,4,4,2,3,12,6,6,7,14,6,9,5,8,7,2,9,6,6,5,7,5,2,2,13,15,8,8,2,2,4,5,5,6,9,2,3,6,2,3,9,3,2,7,3,1,3,4,3,3,3,3,2,0,4,6,8,2,5,3,2,0,0,0,0,0
50022210000020,4,3,1,1,1,2,0,5,2,2,2,1,1,2,1,2,1,1,0,1,2,7,2,3,3,2,2,2,0,3,5,2,4,5,3,2,6,4,3,3,2,4,4,2,3,0,4,6,1,2,4,3,2,2,4,5,8,6,1,0,5,1,0,0,2,1,1,1,0,1,1,6,1,1,0,0,0,0,0,0,1,0,3,0,2,2,3,0,0,0,0,0
50022210000021,5,1,2,6,2,2,0,0,0,0,0,0,0,0,0,0,0,0,0,0,0,0,0,0,0,0,0,0,0,0,0,0,0,0,0,0,0,0,0,0,0,0,0,0,0,0,0,0,0,0,0,0,0,0,0,0,0,0,0,0,0,0,0,0,0,0,0,0,0,0,0,0,0,0,0,0,0,0,0,0,0,0,0,0,0,0,0,0,0,0,0,0
50022210000030,2,5,2,1,2,3,2,4,8,1,3,5,9,6,8,1,3,8,5,2,2,3,6,4,2,12,8,5,4,3,8,4,10,14,14,17,6,9,4,4,9,6,5,10,6,8,12,9,5,5,3,4,2,10,13,8,8,7,6,9,13,9,6,3,6,4,7,5,5,3,4,4,1,3,4,5,5,8,2,6,3,4,3,2,4,8,6,0,0,0,0,0
50022210000039,5,10,6,4,3,7,2,7,4,6,2,1,5,9,12,6,3,4,7,6,4,10,6,3,14,3,7,11,5,6,12,12,19,10,8,14,7,5,13,9,19,12,19,14,7,17,18,11,11,10,12,10,19,11,13,18,15,9,11,18,15,7,12,6,8,4,9,7,10,5,6,9,11,6,10,7,7,3,6,5,4,5,6,7,3,5,10,0,0,0,0,0
50022210000040,10,12,13,11,11,10,16,6,3,5,5,6,3,9,10,9,3,7,3,3,9,12,10,2,4,5,4,10,9,15,8,9,11,18,15,26,38,4,14,12,7,17,14,23,9,8,4,7,6,26,19,9,12,5,8,25,26,14,6,11,15,3,17,17,18,4,3,8,4,11,16,22,2,6,1,6,8,14,24,6,9,3,4,7,14,15,6,0,0,0,0,0
50022210000045,0,0,0,1,0,0,1,0,4,1,2,2,0,1,3,0,0,1,0,0,2,5,0,1,1,0,0,0,0,2,1,1,1,1,3,2,1,0,2,0,0,0,1,1,0,1,0,1,0,0,0,0,0,0,0,1,1,0,1,1,0,0,1,0,0,0,0,1,0,2,1,1,0,1,0,1,0,0,0,0,0,0,0,0,0,0,1,0,0,0,0,0
50022210000051,0,0,3,3,0,0,1,4,0,1,1,2,1,2,4,0,3,0,0,2,2,3,2,0,1,0,2,3,2,2,3,3,6,0,7,7,6,2,0,1,6,7,4,5,3,4,4,2,5,4,11,4,3,2,2,6,6,2,3,4,9,3,2,2,3,2,2,0,0,2,5,1,4,2,4,1,1,4,2,7,4,1,1,1,5,3,2,0,0,0,0,0
50022210000053,5,6,3,3,6,6,3,3,5,4,2,2,7,7,3,4,3,2,1,2,1,2,4,1,2,3,2,5,6,1,1,8,7,13,1,7,3,4,7,7,3,3,7,2,4,6,5,7,10,13,5,6,6,5,5,9,10,7,5,10,8,4,0,7,5,2,3,3,5,3,5,6,7,8,5,4,9,5,5,2,1,1,8,4,2,1,2,0,0,0,0,0
50022210000057,3,3,1,2,2,4,2,1,0,3,2,2,2,3,3,6,0,0,0,2,3,3,0,1,3,3,0,3,3,0,1,4,4,4,2,6,6,5,3,6,1,3,4,6,5,3,2,2,4,4,4,4,0,0,1,5,6,3,8,3,1,1,6,4,2,3,0,1,2,5,0,7,3,0,4,1,4,3,3,1,0,2,3,4,2,5,4,0,0,0,0,0
50022210000060,7,9,6,12,5,6,2,6,10,2,6,5,6,3,10,3,7,3,3,4,6,12,10,5,7,5,7,9,9,10,11,11,25,14,9,19,14,16,16,17,10,25,16,17,12,12,10,16,16,18,15,15,8,13,9,19,8,9,9,14,3,11,3,14,6,6,7,4,12,9,4,8,7,9,2,13,11,10,7,5,1,3,9,10,4,4,8,0,0,0,0,0
50022210000065,17,20,21,23,9,13,14,8,11,10,8,9,11,10,23,16,2,6,7,9,13,22,18,9,8,7,9,9,24,24,13,17,16,5,12,16,19,11,13,16,22,15,31,19,11,10,13,11,18,19,11,11,10,5,11,18,16,13,6,12,10,5,6,4,7,6,3,1,5,4,4,12,8,3,7,4,4,9,17,6,0,4,5,6,8,7,5,0,0,0,0,0
50022210000071,6,3,3,4,1,1,2,5,3,3,1,2,0,1,2,0,2,1,1,0,3,0,1,1,4,0,0,2,3,4,0,4,3,1,3,6,0,0,0,6,3,3,4,9,3,4,5,4,2,3,9,2,5,2,0,2,3,3,0,3,4,1,1,2,4,1,3,2,2,0,0,0,1,1,1,2,8,4,5,3,1,1,4,2,2,3,1,0,0,0,0,0
50022210000073,3,5,6,2,3,3,5,2,4,5,2,0,3,5,3,5,6,2,4,1,3,3,4,6,2,1,0,0,0,0,0,0,0,0,0,0,0,0,0,0,0,0,0,0,0,0,0,0,0,0,0,0,0,0,0,0,0,0,0,0,0,0,0,0,0,0,0,0,0,0,0,0,0,0,0,0,0,0,0,0,0,0,0,0,0,0,0,0,0,0,0,0
50022210000076,5,9,5,4,5,6,3,3,2,6,3,3,4,3,4,6,4,2,3,5,4,6,6,1,1,1,1,4,5,8,5,7,2,6,9,8,7,7,9,6,3,9,12,5,7,5,4,13,4,10,4,3,8,5,6,10,12,6,8,2,9,2,7,2,2,1,3,3,0,1,2,2,0,2,3,1,3,1,4,2,1,0,1,2,1,6,2,0,0,0,0,0
50022210000077,2,5,3,5,1,2,3,0,1,2,0,2,2,1,2,2,1,2,0,2,0,2,0,2,0,4,0,1,1,0,3,2,2,1,0,1,3,5,1,1,1,1,0,2,1,2,3,4,1,4,1,0,2,3,3,1,6,3,2,1,1,1,2,2,0,0,2,0,2,3,1,1,1,0,0,2,0,2,1,0,0,1,0,0,1,1,1,0,0,0,0,0
50022210000079,3,4,10,5,5,7,6,4,9,9,4,10,8,6,3,4,0,6,6,7,3,5,6,5,5,4,8,2,5,7,10,15,17,11,23,21,14,12,11,14,13,9,14,4,9,7,9,10,9,11,12,12,8,9,8,13,7,13,18,2,6,2,11,6,2,3,5,5,6,5,6,9,10,3,1,11,5,2,4,5,5,0,4,5,5,5,0,0,0,0,0,0
50022210000085,1,4,2,1,2,0,4,1,1,3,2,2,1,1,0,2,1,0,1,2,2,1,0,1,1,1,2,0,0,1,0,1,1,4,0,4,3,1,1,5,0,1,1,1,5,1,4,2,3,5,2,2,2,5,1,3,2,1,3,2,0,0,0,0,0,0,0,0,0,0,0,0,0,0,0,0,0,0,0,0,0,0,0,0,0,0,0,0,0,0,0,0
50022210000087,8,4,6,4,5,5,5,6,9,5,5,4,2,3,2,5,3,4,6,5,3,4,1,2,3,3,6,8,2,3,5,10,13,9,10,14,14,5,8,6,10,12,17,11,12,10,9,16,6,10,13,6,15,16,8,7,9,10,14,7,6,1,1,0,0,1,0,0,0,0,0,4,1,5,3,5,4,6,5,1,4,2,4,8,3,2,4,0,0,0,0,0
50022210000088,1,2,2,2,4,2,1,1,0,0,1,0,1,1,0,0,0,0,1,0,0,0,2,1,0,1,0,0,1,1,1,2,0,3,1,2,3,2,1,2,3,0,0,1,0,1,2,3,3,4,4,2,1,0,1,1,3,0,1,2,2,0,2,1,2,0,1,1,0,0,0,1,1,1,0,0,0,0,1,0,0,1,0,1,0,2,1,0,0,0,0,0
50022210000090,1,2,3,2,0,1,1,0,1,1,2,1,2,0,2,1,0,1,0,2,2,1,2,1,1,0,2,0,0,1,0,1,0,5,2,1,2,2,0,3,1,3,0,2,0,1,3,3,1,0,0,0,0,0,0,0,0,0,0,0,0,0,0,0,0,0,0,0,0,0,0,0,0,0,0,0,0,0,0,0,0,0,0,0,0,0,0,0,0,0,0,0
50022310000018,1,1,0,0,1,0,0,0,0,0,0,0,3,1,0,1,0,2,1,1,0,1,1,0,2,0,0,0,2,1,1,1,0,0,1,3,2,1,1,0,1,2,4,0,0,0,0,1,1,1,1,0,0,0,2,1,6,1,0,1,1,0,0,0,0,0,0,1,0,0,2,0,1,0,0,0,0,1,0,0,1,1,0,0,1,2,0,0,0,0,0,0
50022310000019,0,1,0,0,0,0,0,0,0,0,0,0,0,0,0,0,0,0,0,0,0,0,1,0,0,0,0,0,0,0,0,0,0,0,0,0,0,0,0,0,0,0,1,0,0,0,0,0,0,0,0,0,0,0,0,0,0,0,0,0,0,0,0,0,0,0,0,0,0,0,0,0,0,0,0,0,0,0,0,0,0,0,0,0,0,0,0,0,0,0,0,0
50022410000015,1,6,3,4,2,2,1,0,0,2,0,2,0,2,2,6,4,1,3,3,0,4,3,0,0,2,1,4,3,1,1,2,2,3,12,5,7,3,1,2,3,2,6,15,2,2,0,8,2,4,5,1,2,5,5,8,4,3,0,5,3,1,6,1,7,2,0,1,0,2,0,7,1,2,3,2,3,6,5,3,2,0,2,1,1,10,2,0,0,0,0,0
50022410000017,8,2,4,5,5,6,3,1,7,2,0,8,3,7,2,2,3,6,3,8,3,4,5,4,3,2,3,1,2,5,2,3,4,5,6,7,8,6,11,2,8,4,1,4,5,5,9,6,2,5,8,7,6,7,5,7,7,10,6,11,5,1,1,7,9,4,3,0,4,2,2,3,5,1,1,2,3,4,4,2,3,2,3,5,1,2,3,0,0,0,0,0
50022410000018,2,3,3,3,9,1,3,2,6,4,4,2,1,2,5,4,1,2,2,3,2,2,4,4,4,0,3,2,1,3,4,3,3,3,4,4,10,4,2,3,4,3,8,2,1,6,6,9,5,2,3,4,2,7,6,5,2,2,5,4,0,3,1,3,3,2,2,3,3,1,2,3,2,1,5,2,2,0,0,1,0,2,6,0,3,2,2,0,0,0,0,0
50022510000002,6,3,0,0,1,3,2,0,1,0,0,0,0,0,2,1,1,0,0,0,4,1,2,0,1,2,0,1,0,3,2,2,0,0,1,2,5,2,3,2,1,1,2,6,0,0,0,1,1,7,1,0,1,1,2,2,5,3,2,2,1,0,3,2,3,0,0,0,1,3,0,2,0,1,1,1,2,1,0,0,1,0,1,1,2,1,1,0,0,0,0,0
50022610000032,18,19,10,10,11,15,14,4,5,2,3,4,1,12,8,11,2,3,3,5,9,3,15,3,4,3,8,11,8,10,3,13,9,6,31,41,39,18,13,12,6,9,15,26,8,9,8,10,15,26,33,5,6,5,6,7,20,34,13,9,8,4,10,8,10,1,3,8,3,9,7,19,2,2,2,5,4,17,13,3,6,1,4,6,5,0,0,0,0,0,0,0
50022610000046,14,4,7,3,5,10,9,5,2,3,2,3,3,2,9,11,0,3,2,4,4,8,10,2,2,2,1,5,9,20,3,3,2,4,20,12,18,0,4,3,6,7,10,18,7,8,2,5,7,16,19,5,4,2,11,5,12,12,5,5,4,2,11,3,10,3,3,2,3,0,5,8,1,1,1,2,6,1,13,6,9,3,7,4,6,9,1,0,0,0,0,0
50022610000051,4,2,5,5,5,4,4,2,0,1,0,1,1,0,2,2,1,1,2,1,2,2,2,2,0,1,1,2,4,0,2,2,4,4,5,4,8,3,1,2,3,5,0,5,2,1,2,1,5,3,7,2,2,2,2,3,6,8,1,6,4,0,3,2,3,1,1,1,0,9,2,3,5,0,2,3,1,0,7,1,2,0,1,2,4,6,0,0,0,0,0,0
50022610000071,10,7,9,11,14,5,3,2,2,4,1,6,6,6,3,2,3,4,3,2,2,4,2,4,1,2,2,3,4,3,3,7,1,3,10,6,5,6,6,2,6,4,14,13,4,9,10,8,5,5,5,7,10,3,6,10,16,7,8,12,4,3,7,8,2,1,3,3,4,8,9,2,3,6,5,2,3,3,7,3,2,3,2,11,9,6,2,0,0,0,0,0
50022710000001,1,0,0,3,1,0,0,0,2,1,0,2,1,3,2,1,2,1,1,1,3,2,1,5,4,1,2,1,1,2,1,3,0,0,2,1,3,4,2,6,1,1,4,2,5,1,5,4,3,3,6,1,2,4,1,4,3,2,2,3,6,0,0,1,2,2,3,0,1,2,1,2,1,1,1,1,1,2,2,1,1,1,0,1,2,0,0,0,0,0,0,0
50023010000002,1,5,1,3,2,1,5,1,1,0,6,2,1,2,0,0,3,2,3,4,1,1,3,4,0,1,1,2,2,0,0,5,2,0,8,5,2,4,4,4,2,6,1,1,3,3,5,4,1,5,6,6,7,6,4,4,4,1,6,4,4,7,0,1,0,2,1,1,2,1,3,4,1,1,1,1,1,1,1,2,2,0,4,2,1,0,4,0,0,0,0,0
50023010000011,1,1,6,2,0,4,0,1,0,1,1,1,2,0,1,1,0,1,0,2,0,1,4,1,3,1,3,1,1,1,0,0,2,2,3,8,2,2,3,2,0,3,4,2,6,1,4,2,5,2,4,0,5,1,1,3,2,2,5,2,3,1,2,2,3,0,1,0,2,2,2,2,1,2,5,1,2,1,1,2,2,1,1,0,3,1,2,0,0,0,0,0
50023010000017,0,2,3,1,4,0,1,0,1,1,1,2,2,0,1,3,2,1,2,1,1,1,3,0,2,3,2,3,3,1,1,4,1,1,2,0,2,2,2,1,2,0,3,1,2,3,1,2,2,0,0,0,2,1,2,4,3,1,0,3,0,0,0,0,2,0,1,0,1,0,1,0,0,0,2,1,0,1,2,1,0,0,0,0,2,1,0,0,0,0,0,0
50023010000029,2,5,5,4,2,5,1,5,6,4,6,7,6,3,2,3,4,2,4,7,3,5,2,6,7,8,5,3,2,7,3,15,8,7,7,5,7,12,12,12,6,9,6,11,10,14,5,10,7,7,11,11,5,7,9,16,5,9,6,15,7,4,1,6,6,8,7,4,7,4,5,5,5,2,2,3,7,6,2,7,4,4,4,7,3,4,10,0,0,0,0,0
50023010000031,1,1,0,1,1,2,0,1,1,0,2,0,0,0,0,2,1,1,0,0,0,1,1,0,1,0,0,0,0,0,0,3,0,3,3,0,1,0,1,1,1,3,1,1,0,0,0,0,0,3,0,0,0,1,0,0,0,0,2,2,0,0,2,0,0,2,0,1,0,0,0,0,1,0,1,1,1,1,1,2,1,0,0,1,0,0,1,0,0,0,0,0
50023010000032,1,1,4,1,1,1,2,1,3,0,2,2,2,2,1,0,0,1,0,1,2,2,2,1,2,1,1,3,3,2,0,0,1,4,4,1,1,0,2,1,4,2,2,3,9,4,3,3,0,4,2,4,5,3,5,6,3,2,4,3,4,0,1,2,2,1,1,2,2,3,2,3,8,2,1,2,2,0,1,2,4,2,2,1,1,2,1,0,0,0,0,0
50023010000040,1,2,0,0,0,1,0,0,0,1,0,1,0,0,0,0,0,0,1,0,2,0,0,0,0,0,0,0,0,0,0,2,1,0,1,2,1,4,1,1,1,2,0,0,0,0,0,1,2,0,1,0,0,0,0,0,1,0,0,2,2,1,0,0,0,0,0,0,1,0,0,0,0,1,0,1,0,0,0,0,1,0,0,0,0,1,0,0,0,0,0,0
50023010000047,1,3,2,1,1,2,1,4,2,0,0,0,2,1,0,1,3,3,1,4,1,3,2,2,0,2,0,1,1,3,3,6,6,2,4,5,1,1,1,5,3,3,2,7,4,3,3,1,2,0,1,3,2,2,0,6,0,0,0,0,0,0,0,0,0,0,0,0,1,0,2,0,3,3,2,1,0,1,2,0,0,0,2,2,3,1,6,0,0,0,0,0
50023010000052,2,1,2,0,3,0,1,4,0,2,1,1,1,3,0,1,4,1,2,2,1,0,0,1,1,2,2,0,0,1,2,4,1,1,1,0,0,1,4,6,1,3,2,0,2,1,5,3,3,4,0,1,5,6,2,0,2,10,3,4,5,0,0,2,5,0,4,0,3,0,1,0,2,0,1,2,2,1,3,0,2,2,0,2,3,2,2,0,0,0,0,0
50023010000059,2,1,3,1,1,2,1,0,2,0,0,2,1,0,1,2,0,0,3,0,1,0,0,0,2,2,0,1,0,3,1,2,4,4,3,2,2,0,2,2,0,0,0,1,2,2,0,2,3,1,2,2,2,4,2,1,0,2,0,2,3,2,1,1,1,1,0,1,3,1,3,0,1,0,1,0,0,1,0,0,0,0,1,1,2,1,2,0,0,0,0,0
50023010000060,1,0,2,0,2,1,0,3,1,0,0,0,0,0,0,0,1,1,0,0,2,3,1,0,1,0,2,3,0,0,0,2,0,3,1,0,4,3,2,0,0,1,0,1,1,0,2,1,1,2,0,0,1,0,0,3,0,3,3,1,1,0,0,1,1,0,1,1,0,0,0,0,1,1,1,1,0,1,0,0,0,0,1,0,1,1,1,0,0,0,0,0
50023010000067,9,9,7,6,6,12,13,2,0,0,3,4,2,3,10,9,3,1,5,5,8,7,6,4,3,3,2,6,4,7,1,5,4,4,1,15,29,4,2,7,3,10,12,24,5,12,12,10,9,17,17,8,3,12,8,11,18,23,6,7,2,1,13,14,13,0,3,2,2,6,7,12,3,5,0,3,6,5,7,0,6,0,2,6,13,9,1,0,0,0,0,0
50023010000071,0,1,2,4,0,2,4,1,3,2,2,1,0,0,2,3,1,1,1,3,1,0,3,2,2,0,0,0,3,4,1,4,4,7,0,4,3,2,1,1,3,4,1,3,1,2,4,1,1,2,2,3,4,3,3,3,1,0,0,3,0,0,0,0,3,1,1,2,2,2,0,1,3,0,0,2,1,1,3,0,3,0,0,2,3,1,1,0,0,0,0,0
50023010000080,0,1,0,1,0,0,1,1,0,0,0,0,0,0,0,2,0,0,0,0,0,0,0,0,0,0,0,0,0,0,0,0,0,0,0,0,0,0,0,0,0,0,0,0,0,0,0,0,0,0,0,0,0,0,0,0,0,0,0,0,0,0,0,0,0,3,1,3,1,2,1,1,1,0,0,1,0,1,0,0,0,0,1,0,0,1,2,0,0,0,0,0
50023110000004,1,1,3,5,1,0,1,0,1,1,0,0,2,2,0,1,1,0,0,0,1,2,2,1,2,0,2,1,3,2,1,3,0,4,1,4,0,1,0,2,4,0,2,1,1,1,1,0,2,2,4,1,0,2,1,2,7,3,1,6,2,3,1,3,1,1,1,1,2,4,1,0,0,4,2,3,4,3,1,1,0,1,0,1,2,2,1,0,0,0,0,0
50023110000005,3,6,5,3,7,3,2,0,3,3,3,1,1,2,1,6,1,0,1,4,4,5,6,2,6,3,3,3,2,3,3,9,7,8,5,3,3,8,10,6,4,5,5,7,9,4,1,2,3,6,3,6,8,4,4,5,4,8,4,0,2,3,3,5,2,6,1,3,2,5,5,1,2,4,4,2,6,1,2,2,1,0,4,3,2,1,2,0,0,0,0,0
50023110000006,9,6,5,4,7,5,4,1,0,2,1,0,1,3,4,2,1,1,1,1,3,2,8,0,2,1,1,1,5,3,3,4,4,8,9,7,4,1,2,2,2,14,22,12,3,0,3,3,9,8,8,3,1,0,0,7,12,13,4,2,2,1,4,9,3,3,1,0,0,0,0,0,0,0,0,0,0,0,0,0,0,0,0,1,1,1,1,0,0,0,0,0
50023110000007,10,7,9,6,2,2,4,5,4,3,3,3,1,1,5,2,1,1,5,2,1,1,7,1,1,1,3,4,3,2,2,2,2,5,6,5,7,3,7,7,4,10,4,9,2,7,8,3,7,10,3,5,2,3,2,6,4,5,3,3,6,3,1,4,3,1,1,2,1,6,4,4,1,2,6,1,3,3,3,1,2,0,1,5,6,5,1,0,0,0,0,0
50023110000009,3,0,5,0,1,2,1,0,0,1,0,3,0,2,0,1,0,1,1,0,2,1,1,0,2,0,0,1,3,1,0,2,2,3,2,6,3,0,1,2,0,3,2,0,0,0,2,4,5,2,5,0,1,3,1,0,1,1,2,3,1,2,1,0,0,1,0,1,1,0,2,0,0,3,1,3,0,0,1,2,0,1,1,2,0,1,0,0,0,0,0,0
50023110000011,2,5,6,6,3,3,4,2,5,3,7,5,4,3,9,4,2,8,3,10,5,9,2,2,2,4,6,5,6,5,0,10,5,10,11,17,13,9,12,10,7,11,10,12,5,5,9,10,9,13,11,6,5,7,13,12,12,7,7,8,6,6,3,6,3,2,4,2,2,6,5,7,8,3,7,5,3,6,3,4,4,2,5,4,8,5,1,0,0,0,0,0
50023110000012,1,2,3,3,3,1,4,1,2,2,0,2,2,0,0,0,0,1,0,0,3,4,0,0,1,1,1,0,1,0,1,0,2,1,0,3,4,1,1,1,0,2,2,2,1,2,0,2,4,4,0,1,0,1,2,4,2,5,0,1,2,1,3,2,0,0,1,3,1,0,5,0,0,0,3,0,1,2,3,0,1,0,1,1,0,2,1,0,0,0,0,0
50023110000019,2,2,5,2,4,0,3,4,1,0,1,0,3,3,4,1,1,2,0,2,0,2,5,2,0,0,0,0,1,1,1,4,2,1,5,3,1,2,0,0,0,3,2,3,0,1,0,1,3,7,2,3,4,1,2,5,8,4,0,1,2,1,0,4,4,1,2,1,1,3,4,2,0,3,1,1,0,3,2,1,4,0,0,3,3,3,1,0,0,0,0,0
50023110000025,0,0,0,0,1,0,0,1,0,0,0,0,1,0,1,0,1,0,0,0,0,2,1,0,0,0,0,0,0,0,0,1,0,0,0,0,2,1,0,2,0,0,0,0,2,1,1,0,0,1,0,0,1,0,0,0,2,0,1,0,0,0,0,0,1,0,0,0,2,0,0,2,0,0,0,0,1,0,0,0,1,0,0,0,0,0,0,0,0,0,0,0
50023110000026,0,1,3,1,1,1,1,2,2,2,2,1,2,1,2,2,3,1,2,2,1,2,1,1,2,0,3,3,2,0,1,1,0,2,1,1,1,1,8,1,2,2,6,3,2,4,1,3,3,6,2,2,7,4,3,4,5,2,6,5,8,2,3,0,0,1,3,1,4,1,2,2,2,0,2,3,0,2,0,1,4,0,3,1,4,1,3,0,0,0,0,0
50023110000029,6,9,6,4,7,7,4,0,0,0,0,0,1,6,2,9,2,1,1,0,5,4,4,3,2,1,5,5,8,9,2,7,2,4,13,9,19,2,2,3,1,8,4,8,1,1,2,3,11,8,11,0,3,4,0,8,9,12,3,1,1,3,6,2,7,3,0,0,2,2,4,4,2,3,0,0,0,1,1,0,0,1,1,2,15,12,0,0,0,0,0,0
50023110000031,0,0,1,1,0,0,1,1,0,1,0,0,0,1,0,2,0,0,0,0,0,0,0,0,0,0,0,0,0,0,0,0,0,2,0,0,0,0,0,0,0,0,0,0,0,0,2,1,0,0,0,0,0,0,0,1,0,1,1,1,0,0,0,0,0,0,0,0,0,0,0,0,0,0,0,0,0,0,0,0,0,0,0,1,2,1,1,0,0,0,0,0
50023110000032,3,2,3,2,5,4,2,0,1,4,1,1,5,1,2,2,1,1,4,1,5,4,2,6,2,2,1,4,3,5,3,4,7,4,10,8,6,5,5,3,4,5,4,4,7,2,5,6,12,10,9,6,7,4,10,3,8,12,5,5,4,0,3,3,4,1,2,0,5,3,6,4,4,5,1,4,4,3,4,2,0,1,0,5,8,7,4,0,0,0,0,0
50023110000033,3,0,1,3,4,0,2,2,1,1,1,3,3,2,2,1,2,1,0,2,1,2,0,0,1,2,1,0,0,2,1,4,0,0,4,1,5,2,3,0,1,2,1,2,1,1,2,1,5,7,9,1,1,2,1,6,2,1,1,0,1,0,2,2,2,1,2,0,3,1,2,0,3,3,1,1,4,1,2,1,1,0,0,1,2,2,0,0,0,0,0,0
50023110000035,5,2,3,0,3,2,1,3,4,1,0,2,4,1,1,0,0,0,2,0,0,0,5,3,1,1,4,5,2,3,2,2,4,6,1,5,14,3,0,4,4,9,3,7,7,6,1,7,3,1,7,3,4,7,1,2,3,3,4,7,4,3,0,2,2,2,3,2,3,5,1,1,2,1,4,2,1,4,5,1,3,1,2,4,3,3,3,0,0,0,0,0
50023110000036,1,2,1,2,1,0,1,1,0,0,1,0,0,0,0,1,0,0,0,0,0,0,0,0,0,0,1,1,0,0,0,0,1,0,1,1,1,0,0,0,0,0,0,0,0,0,0,0,0,1,0,0,0,0,0,0,2,1,0,0,0,1,0,1,0,0,0,1,0,0,0,0,0,0,0,0,0,0,1,0,0,0,0,0,0,0,0,0,0,0,0,0
50023110000037,4,5,3,7,4,6,3,2,1,3,1,2,3,4,5,2,0,2,1,2,3,6,3,2,3,2,1,3,3,2,2,1,1,1,13,7,8,3,0,1,4,3,7,6,1,0,4,5,4,10,2,2,3,3,3,4,9,10,3,3,1,0,5,3,1,2,2,1,1,1,2,0,0,0,3,2,5,0,5,0,2,0,0,0,3,8,2,0,0,0,0,0
50023110000040,8,4,5,6,6,1,2,0,0,0,0,1,1,3,1,3,3,0,1,2,3,10,3,3,2,1,3,1,4,2,2,6,3,2,12,10,4,1,4,1,1,3,8,3,1,3,0,4,6,6,7,7,3,6,3,4,6,1,3,4,2,3,0,1,3,1,3,1,3,2,2,4,1,0,2,2,2,4,2,2,3,0,7,2,1,3,1,0,0,0,0,0
50023110000041,1,2,3,1,1,3,2,3,0,2,3,1,2,0,2,3,1,4,1,3,2,1,1,2,2,2,0,1,1,1,1,5,2,0,2,5,5,4,4,3,3,3,3,5,1,3,4,1,8,1,8,1,3,2,4,4,4,4,6,6,3,0,3,3,5,1,2,2,3,0,5,0,1,1,1,2,3,5,6,4,0,1,2,2,1,5,4,0,0,0,0,0
50023110000042,11,10,5,5,3,4,3,0,0,0,1,0,1,6,4,2,0,1,1,2,5,6,5,0,0,3,1,2,1,3,2,4,2,3,2,1,0,1,2,2,0,1,2,1,0,0,0,0,0,10,2,1,2,2,0,1,1,1,1,2,0,2,0,2,1,0,1,1,0,0,0,0,1,0,0,0,0,1,0,0,0,0,0,0,3,3,1,0,0,0,0,0
50023110000046,3,2,3,1,8,0,2,0,0,0,0,0,0,2,0,0,0,1,0,0,1,1,3,0,1,1,0,2,3,4,1,0,1,0,4,2,2,0,0,1,0,3,4,6,2,2,1,1,3,3,6,0,1,1,1,1,9,2,1,0,0,1,2,3,2,0,0,0,0,4,1,3,1,0,1,0,5,2,1,0,0,0,1,3,3,2,2,0,0,0,0,0
50023110000048,7,4,4,9,12,6,3,4,3,2,4,2,3,4,4,8,3,4,1,1,6,4,11,4,0,0,2,2,8,4,2,2,3,2,6,8,8,3,5,9,7,3,8,11,7,6,5,13,4,14,19,11,5,6,9,7,10,7,8,12,5,2,6,8,3,3,3,4,2,9,2,6,4,7,7,3,6,7,6,7,5,2,4,8,10,10,4,0,0,0,0,0
50023110000049,11,10,6,9,11,4,1,4,5,4,3,1,4,6,7,7,4,1,2,2,6,12,3,2,6,2,2,4,6,7,5,6,3,6,9,13,7,8,3,6,7,16,9,8,8,3,3,2,10,13,15,3,10,7,10,12,14,14,4,6,10,3,8,7,8,5,6,0,2,8,6,5,6,6,6,2,7,7,6,7,3,1,2,7,8,6,3,0,0,0,0,0
50023110000053,2,3,5,7,8,1,1,1,0,0,2,1,0,0,2,3,0,0,1,0,2,4,3,1,1,0,0,3,1,2,0,0,0,0,0,0,0,0,0,0,0,0,0,0,0,0,0,0,0,0,0,0,0,0,0,0,0,0,0,0,0,0,0,0,0,0,0,0,0,1,1,0,0,0,2,0,1,3,0,1,2,0,0,0,4,2,0,0,0,0,0,0
50023110000055,2,2,0,0,3,0,0,0,0,0,0,0,0,0,2,0,0,0,0,1,0,1,0,0,1,0,0,2,1,0,0,2,0,0,0,3,1,0,0,0,5,1,3,2,0,0,0,2,1,6,2,2,0,0,0,2,0,0,3,2,0,0,1,1,1,0,0,1,0,0,1,0,0,0,1,0,1,1,0,1,0,0,1,1,1,0,1,0,0,0,0,0
50023110000057,10,8,8,5,6,4,1,1,0,0,1,1,0,1,7,1,3,0,1,2,2,1,1,1,1,1,1,1,3,1,0,7,0,2,2,9,4,1,4,3,2,1,2,1,4,1,1,5,3,3,1,1,0,1,1,0,0,4,0,8,1,0,1,5,1,4,2,2,3,4,7,5,2,1,3,4,3,3,4,4,1,5,4,1,8,1,2,0,0,0,0,0
50023210000002,13,9,13,13,8,9,14,3,4,5,7,4,3,9,10,4,4,2,2,2,8,6,3,6,8,2,2,10,6,10,0,12,6,8,14,22,15,7,10,14,10,26,20,9,14,5,8,4,14,22,16,7,11,8,4,17,8,9,13,7,8,3,9,13,3,6,5,1,3,8,9,5,7,4,2,7,9,7,5,4,6,1,3,8,14,7,3,0,0,0,0,0
50023210000031,1,0,1,1,0,0,0,0,1,0,1,1,0,0,0,0,1,0,1,0,0,1,0,0,0,0,0,0,0,0,0,1,0,0,1,1,4,1,0,2,1,0,0,0,0,0,1,0,0,0,2,0,2,1,0,0,0,2,2,2,1,3,0,1,1,1,1,2,1,2,1,0,3,0,0,0,0,0,2,0,1,0,1,0,0,0,1,0,0,0,0,0
50023310000058,3,2,3,2,0,4,1,0,0,4,2,2,0,0,2,2,1,1,1,2,2,1,5,0,1,0,1,2,2,1,2,2,3,2,4,7,5,6,3,2,1,6,2,5,1,2,3,2,2,6,6,1,2,3,1,4,5,5,4,0,8,4,1,1,5,2,2,2,1,2,3,2,3,2,1,2,2,4,1,1,3,1,2,0,3,4,3,0,0,0,0,0
50023410000024,1,3,0,3,0,1,4,0,4,4,1,1,3,2,0,1,3,3,1,1,0,3,2,2,1,1,1,0,2,3,1,1,1,0,3,0,0,2,1,5,5,3,1,4,4,5,1,4,4,2,2,2,2,4,4,2,1,7,2,6,2,1,0,1,0,0,1,4,2,2,2,1,4,1,1,2,0,0,0,1,2,1,4,0,1,2,1,0,0,0,0,0
50023410000051,1,0,1,0,0,1,1,0,0,0,1,1,0,2,0,2,0,0,0,0,1,1,0,0,0,0,0,0,0,1,0,1,1,0,1,1,2,0,1,0,0,0,0,0,0,3,0,0,1,0,0,0,0,0,0,0,1,1,0,2,0,0,2,0,1,1,2,0,0,0,0,0,0,1,0,1,1,0,1,0,0,0,1,0,0,2,0,0,0,0,0,0
50023510000001,1,3,5,1,1,1,2,0,3,2,2,5,1,0,2,1,2,5,1,1,0,1,0,4,1,0,1,2,1,3,2,1,5,4,3,3,4,1,5,4,1,2,0,2,0,1,0,4,1,3,4,3,1,1,2,1,0,2,2,3,7,3,3,1,2,0,3,0,1,0,5,3,2,1,1,2,2,2,2,2,0,0,2,2,3,0,0,0,0,0,0,0
50023510000002,6,7,6,7,4,6,3,4,1,2,0,1,6,1,6,1,1,1,2,1,1,3,5,2,1,0,0,2,4,0,1,1,3,2,6,10,7,3,2,2,1,4,12,13,3,4,2,2,3,14,12,1,2,2,3,4,9,6,6,2,4,1,1,6,3,0,4,1,2,2,7,4,0,1,2,1,1,1,2,1,2,1,0,0,2,5,1,0,0,0,0,0
50023510000004,0,0,2,2,4,2,1,1,0,3,4,2,2,2,0,3,0,3,3,0,2,0,1,4,0,2,1,3,1,4,1,2,4,7,4,5,5,3,6,6,7,3,3,1,2,4,3,4,3,4,0,4,6,3,2,2,4,2,2,2,4,3,3,1,3,2,3,5,3,2,2,0,2,1,1,1,0,2,0,1,2,3,2,4,4,2,2,0,0,0,0,0
50023510000005,0,0,0,0,0,0,0,0,0,0,0,0,0,0,0,0,0,0,0,0,0,0,0,0,0,0,1,1,0,0,0,0,0,0,1,0,0,0,0,0,0,3,1,0,0,0,0,2,2,0,0,0,0,0,1,1,0,2,0,0,1,1,0,0,0,0,0,1,0,0,0,0,0,1,0,0,0,2,0,0,0,0,0,1,0,0,2,0,0,0,0,0
50023510000007,2,3,2,1,1,3,1,1,2,0,1,1,1,3,4,6,0,1,0,1,2,2,0,0,0,1,0,1,4,1,2,1,1,0,6,6,4,1,0,1,2,4,4,3,3,1,0,3,3,7,5,1,5,0,2,8,7,5,0,1,3,2,1,0,2,0,1,0,2,4,3,2,1,1,1,1,0,0,3,0,1,0,4,2,2,1,0,0,0,0,0,0
50023510000010,8,7,6,7,6,7,5,0,5,3,2,3,3,5,7,6,1,5,2,0,2,6,1,1,2,2,3,7,8,6,1,8,7,2,8,17,2,3,3,1,3,8,7,6,4,2,4,2,7,7,9,3,2,1,2,6,17,8,5,8,1,2,6,5,2,2,5,1,1,4,2,2,1,0,3,2,2,9,3,0,1,1,1,6,5,4,2,0,0,0,0,0
50023510000012,5,4,3,1,3,7,5,2,1,2,0,0,2,3,10,6,3,3,0,1,3,18,2,0,0,1,0,2,7,3,5,7,5,8,9,22,7,2,5,6,4,4,7,5,2,2,5,5,2,6,2,0,2,2,0,2,15,8,2,5,2,0,3,9,6,1,1,2,2,4,7,1,3,0,1,0,2,7,1,1,1,1,0,3,3,3,0,0,0,0,0,0
50023510000013,3,1,4,1,1,3,0,1,2,0,1,0,3,1,5,0,1,2,0,3,3,1,1,1,2,3,0,1,2,0,1,2,0,4,3,2,1,0,2,3,1,1,5,3,5,5,3,0,4,3,3,2,1,0,2,2,3,2,5,3,4,2,1,1,2,3,2,2,2,1,2,1,3,0,1,0,4,0,2,1,2,0,2,3,0,0,1,0,0,0,0,0
50023510000014,5,3,1,4,3,2,5,4,1,5,8,5,1,2,2,1,2,1,0,2,1,1,4,4,3,3,4,2,2,3,2,2,3,6,1,8,6,7,5,4,3,2,2,1,2,3,7,9,6,6,5,9,3,2,2,3,3,2,3,8,7,3,2,1,1,1,2,2,3,1,3,3,3,4,0,2,3,4,4,3,2,3,4,2,1,3,1,0,0,0,0,0
50023510000015,2,5,0,0,3,0,0,0,1,2,0,0,1,1,2,1,1,0,0,2,2,1,2,3,1,1,2,0,0,0,0,0,1,1,0,0,3,1,0,1,3,4,3,3,1,4,1,1,0,1,2,3,1,1,0,1,2,0,0,0,0,0,1,1,0,3,1,1,0,0,1,1,0,0,0,2,1,1,2,0,0,1,1,1,0,1,1,0,0,0,0,0
50023510000018,0,0,1,0,1,0,0,0,1,1,0,0,0,1,0,1,0,2,0,1,1,2,0,0,2,0,2,0,0,1,0,1,1,1,0,2,4,2,1,0,0,1,2,2,0,2,1,4,1,1,2,2,2,4,3,0,1,3,1,4,1,0,2,0,0,0,2,1,0,0,1,0,0,1,0,1,1,1,1,0,1,0,0,1,0,0,1,0,0,0,0,0
50023510000023,6,1,5,3,3,3,2,3,2,0,2,0,5,1,4,4,2,4,0,1,3,3,3,3,3,1,4,2,4,1,1,5,5,3,1,4,3,3,7,4,5,1,3,5,4,2,11,4,3,2,2,7,3,6,3,3,7,4,0,4,4,3,3,3,6,1,1,1,6,1,2,1,2,2,4,3,3,3,4,2,4,1,1,2,4,4,2,0,0,0,0,0
50023510000027,0,2,0,0,1,1,2,0,1,2,1,0,2,0,1,1,1,0,0,2,1,1,2,1,3,0,0,0,0,2,1,3,2,1,0,3,1,2,1,1,2,0,3,1,2,2,0,2,3,2,2,1,0,3,0,1,1,0,0,0,0,0,1,1,1,1,2,0,3,0,3,2,0,0,2,0,2,1,0,1,0,0,0,0,0,2,0,0,0,0,0,0
50023510000029,1,2,0,0,0,2,0,5,2,1,0,1,0,2,0,0,1,1,0,2,0,0,0,1,1,3,1,2,0,1,0,1,2,1,2,2,7,2,3,4,0,4,3,1,1,2,2,1,3,0,2,1,4,4,4,0,1,4,2,1,1,1,0,2,1,1,2,3,1,0,2,2,1,0,1,0,3,2,3,1,0,1,1,0,3,1,1,0,0,0,0,0
50023510000030,3,0,2,4,4,1,1,1,2,1,2,0,0,1,0,0,0,4,1,2,2,3,2,0,0,1,0,0,1,1,0,3,2,2,1,5,3,2,6,5,2,4,1,2,1,2,3,0,5,4,2,0,0,4,1,2,4,0,3,0,2,0,1,2,2,1,0,0,0,0,1,0,3,0,2,2,4,1,2,1,0,0,1,1,1,0,2,0,0,0,0,0
50023510000033,2,2,1,0,2,0,0,0,0,0,1,1,0,0,3,1,0,1,0,1,1,2,0,0,0,0,0,0,1,1,0,0,1,0,1,1,1,0,0,0,0,1,0,3,3,0,0,0,0,1,2,5,0,1,1,0,3,0,2,0,0,0,2,0,0,0,0,1,0,0,0,2,0,0,1,2,0,1,4,0,2,1,0,0,0,3,1,0,0,0,0,0
50023510000035,0,1,1,0,0,0,2,0,0,1,0,1,0,0,0,1,0,0,0,0,1,0,0,0,0,0,0,0,0,0,0,0,1,0,2,2,0,0,1,0,0,1,1,1,2,0,2,0,0,1,1,0,0,0,0,1,0,0,0,0,1,2,0,0,0,0,0,0,1,0,0,1,0,0,1,0,0,1,1,0,0,0,1,0,0,1,0,0,0,0,0,0
50023510000039,6,0,1,1,4,2,2,1,1,0,2,0,1,2,1,1,0,1,1,0,1,2,2,2,1,1,2,3,0,1,1,6,3,3,5,3,2,2,1,2,3,4,6,2,0,0,1,1,2,4,8,1,3,1,2,4,6,2,3,4,5,2,1,1,0,1,1,3,0,1,2,2,0,1,0,0,0,1,0,0,0,0,1,2,2,0,0,0,0,0,0,0
50023510000042,0,0,0,0,1,0,1,0,2,0,0,0,0,1,0,0,0,0,0,0,0,2,1,0,0,1,0,1,0,0,0,1,1,0,0,0,0,0,0,1,0,0,0,0,1,0,0,0,0,0,1,0,0,1,0,0,0,2,1,2,0,1,0,0,0,0,0,0,0,0,0,0,0,0,0,0,0,1,0,0,0,0,0,0,0,0,0,0,0,0,0,0
50023510000044,3,0,1,0,0,1,0,0,0,0,0,0,0,0,4,1,1,1,0,0,0,2,0,0,1,0,1,0,1,1,1,3,1,3,3,3,4,1,2,4,2,0,1,2,3,1,1,0,1,2,0,0,2,1,1,2,3,2,0,0,3,0,0,1,1,1,0,0,2,1,1,1,0,0,0,1,1,2,2,2,2,0,3,0,1,3,0,0,0,0,0,0
50023510000045,0,1,0,0,1,2,1,0,0,0,0,0,0,1,0,0,0,0,1,1,1,1,0,0,0,0,0,0,1,0,0,0,0,0,0,0,0,0,0,0,0,0,0,0,0,0,2,1,0,0,0,0,0,0,0,0,0,1,0,0,0,0,0,0,0,0,0,0,0,1,0,0,0,2,1,0,0,1,0,3,0,0,0,0,1,0,0,0,0,0,0,0
50023510000046,1,0,0,1,0,0,1,0,0,0,0,0,0,0,0,0,0,0,0,0,0,0,0,0,0,0,1,1,1,0,1,0,1,1,1,1,2,0,1,1,0,0,0,0,1,0,1,3,0,4,0,1,1,0,2,2,1,1,1,0,1,0,0,1,1,0,0,1,0,1,0,0,0,1,0,1,0,3,4,2,1,0,1,1,0,0,0,0,0,0,0,0
50023510000047,7,4,6,3,2,1,2,1,0,0,1,2,4,0,1,0,1,1,3,1,3,3,2,1,4,1,1,0,1,3,2,3,1,4,4,2,1,2,4,4,3,1,3,4,5,2,1,5,4,6,5,3,4,6,6,7,3,6,4,4,8,7,7,4,1,3,4,3,2,1,5,4,5,7,2,2,6,3,3,4,0,0,3,3,3,6,1,0,0,0,0,0
50023610000002,7,4,7,1,6,2,3,1,0,3,2,2,2,2,5,4,1,0,1,1,4,5,12,0,1,0,0,2,5,8,0,4,1,2,5,9,14,7,3,5,5,10,5,12,5,7,8,3,5,6,10,1,2,1,4,6,9,11,6,3,4,2,4,3,6,3,0,2,2,7,5,5,5,1,2,0,3,3,5,0,1,0,2,2,1,4,0,0,0,0,0,0
50023610000003,9,4,14,5,11,8,6,0,2,2,1,0,0,9,11,6,1,2,3,1,6,12,4,4,1,3,3,4,10,1,0,3,4,6,4,15,10,5,3,7,5,12,19,15,4,4,7,4,6,14,18,4,4,5,3,10,13,13,7,5,2,0,0,7,7,4,0,0,2,6,9,8,4,3,2,1,1,11,6,2,2,2,5,9,8,6,2,0,0,0,0,0
50023610000006,7,4,9,4,4,5,10,6,4,2,4,4,6,1,10,3,1,4,2,2,1,1,4,2,0,4,1,3,11,0,1,2,5,6,6,7,10,6,4,8,3,5,9,11,5,4,5,3,4,14,8,1,6,4,3,7,25,8,4,4,1,2,2,7,4,4,5,2,3,3,7,5,3,5,3,7,4,6,7,2,3,5,6,3,4,1,5,0,0,0,0,0
50023610000007,5,3,1,6,3,2,2,5,2,3,3,2,4,2,7,6,1,3,5,8,6,6,3,3,5,3,4,3,3,3,2,1,5,6,7,3,5,3,6,6,5,15,13,7,10,5,7,6,9,9,5,9,4,12,10,6,13,3,9,10,7,4,2,8,6,5,4,4,5,8,6,4,3,2,4,1,5,3,3,2,4,4,3,5,7,4,8,0,0,0,0,0
50023610000009,9,5,2,6,4,3,3,4,0,2,0,1,1,3,5,2,0,3,2,0,0,8,2,4,4,1,1,3,10,3,2,3,11,5,8,8,5,6,2,4,4,6,9,6,4,0,2,4,1,12,6,2,2,8,6,8,15,7,5,6,5,3,6,8,2,4,1,2,4,4,1,1,0,3,1,6,3,3,6,1,3,1,1,6,12,2,2,0,0,0,0,0
50023610000011,5,12,6,15,13,5,2,3,2,3,7,3,7,4,8,3,2,5,5,6,5,13,7,3,1,3,1,4,6,5,8,7,11,3,11,18,21,3,4,11,5,10,16,3,4,9,3,7,9,16,16,4,10,3,6,9,35,11,8,12,8,4,7,11,6,3,0,2,2,9,8,10,7,5,4,5,4,13,6,5,7,3,5,8,3,5,4,0,0,0,0,0
50023610000013,59,33,33,26,47,22,44,0,2,1,1,2,2,12,54,39,2,1,0,1,15,51,27,2,1,1,8,8,51,24,2,1,4,5,27,125,82,16,7,0,6,20,90,50,4,4,3,1,12,72,1,4,1,11,3,27,79,67,2,3,3,10,8,39,17,3,2,3,1,8,46,8,2,7,8,3,11,24,14,5,4,2,4,7,49,16,6,0,0,0,0,0
50023610000014,9,10,13,8,8,1,2,4,8,7,2,6,3,3,4,11,8,3,1,3,8,8,4,5,8,2,3,6,11,12,2,11,12,4,7,18,17,14,15,8,9,7,20,6,10,8,11,18,11,21,8,9,8,9,9,7,20,8,5,10,9,6,2,3,5,5,5,4,2,8,5,9,6,5,4,2,5,9,5,8,5,1,1,5,8,4,2,0,0,0,0,0
50023610000018,9,3,3,4,4,4,3,2,3,1,4,2,4,2,8,2,3,2,4,6,4,4,6,4,5,5,1,2,1,3,3,5,4,2,5,5,4,6,8,4,4,6,4,3,6,7,6,7,8,7,6,7,6,4,4,8,9,7,7,9,4,1,0,3,3,4,4,1,1,3,4,4,0,4,3,1,2,3,3,1,1,2,1,1,6,1,4,0,0,0,0,0
50023610000019,10,11,5,6,7,4,4,4,3,2,7,3,4,6,7,4,6,6,4,1,8,7,6,3,3,7,5,4,14,8,7,6,11,11,9,24,14,10,12,7,9,11,21,18,7,12,12,9,11,13,15,7,9,13,10,6,23,12,6,11,7,4,7,7,8,5,2,4,0,7,4,2,3,6,3,6,4,15,6,4,6,2,2,10,4,6,4,0,0,0,0,0
50023610000021,5,3,4,4,3,2,2,0,0,1,1,0,0,1,6,5,0,1,0,0,0,8,3,1,0,0,0,5,0,4,0,0,1,1,3,6,1,5,2,1,0,8,15,10,0,2,0,0,2,14,4,2,2,2,2,5,18,5,1,3,0,0,0,9,1,1,1,2,0,0,4,3,1,0,2,1,2,5,4,1,1,2,2,4,8,5,1,0,0,0,0,0
50023610000030,8,3,2,8,5,6,5,3,5,1,1,0,0,3,7,6,0,2,1,1,0,6,5,0,0,2,1,3,3,5,3,1,7,5,9,16,12,10,3,8,6,14,17,10,7,2,4,5,7,16,4,1,2,3,1,1,12,6,6,2,3,2,1,3,4,2,1,2,4,3,6,6,4,2,4,4,3,4,10,3,1,1,2,4,3,5,2,0,0,0,0,0
50023610000033,6,2,2,4,2,4,5,3,5,3,2,2,3,0,2,4,3,4,3,4,1,3,5,1,5,5,1,3,7,5,2,5,4,7,3,9,9,9,9,11,7,5,9,4,9,5,9,5,10,10,7,3,10,4,5,7,8,2,3,12,4,2,1,6,1,2,5,7,5,8,2,3,2,1,1,3,5,5,5,1,3,2,3,5,7,1,4,0,0,0,0,0
50023610000035,4,2,4,2,3,7,10,3,0,4,0,2,1,0,8,8,1,1,1,1,6,7,2,0,1,1,1,2,8,2,2,1,1,2,1,9,6,3,1,4,1,1,4,4,3,1,1,0,2,10,6,0,0,5,7,7,8,6,1,1,1,0,0,1,3,0,0,0,2,2,4,2,1,0,5,2,2,3,8,1,1,0,5,3,0,1,1,0,0,0,0,0
50023610000036,1,6,6,7,3,2,2,1,1,2,2,1,1,1,5,4,1,5,2,3,1,5,5,3,0,3,1,0,5,2,3,6,6,7,6,8,5,6,6,5,4,5,7,9,13,4,2,4,9,12,7,5,3,8,4,7,9,7,3,7,7,1,7,4,8,3,3,7,4,4,4,2,3,5,3,2,2,2,6,1,5,1,7,1,6,4,1,0,0,0,0,0
50023610000038,0,0,0,0,0,0,1,0,0,0,0,0,0,0,0,1,0,0,0,0,0,0,0,0,0,0,0,0,0,0,0,0,0,0,0,0,1,0,0,0,0,0,0,0,0,0,0,0,0,1,5,0,0,3,0,0,1,3,0,0,1,0,0,3,0,1,0,0,0,0,0,0,0,0,0,1,1,0,1,0,0,0,0,1,0,0,0,0,0,0,0,0
50023610000041,3,4,1,4,2,1,1,0,3,4,4,1,1,6,5,1,3,2,4,5,5,2,1,4,6,2,3,5,4,1,2,7,11,5,7,8,6,2,6,7,4,6,6,3,12,7,6,6,4,7,9,8,3,7,6,3,4,3,6,7,4,3,5,2,2,5,3,7,5,4,4,1,3,5,2,3,3,1,2,3,6,3,3,3,6,4,3,0,0,0,0,0
50023610000044,10,4,7,5,6,5,4,2,8,3,4,5,1,0,7,2,2,2,3,3,3,2,2,5,10,6,2,5,3,4,6,7,14,7,11,12,11,8,6,6,8,2,7,6,4,7,9,8,8,9,4,6,5,10,4,18,19,4,6,5,5,2,5,3,7,4,1,3,1,3,9,6,7,1,5,8,3,6,3,3,5,1,4,10,12,5,3,0,0,0,0,0
50023610000047,7,2,3,6,1,3,2,0,10,2,2,1,1,1,11,2,2,1,3,1,3,6,3,2,1,2,1,2,5,5,2,4,3,2,3,11,5,3,4,4,2,4,14,7,6,4,5,3,3,6,8,7,2,6,5,7,12,10,7,3,7,5,6,9,3,1,1,0,3,4,8,3,0,1,2,2,1,8,5,0,1,5,1,3,5,4,6,0,0,0,0,0
50023610000048,0,0,0,0,0,0,0,0,0,0,0,0,0,0,0,0,0,0,0,0,0,0,0,0,0,0,0,2,4,4,1,4,1,4,9,4,1,1,1,0,2,5,4,4,1,1,3,4,3,1,10,2,5,1,1,5,10,7,0,3,2,3,1,4,8,2,1,1,2,3,5,1,0,1,6,2,0,1,2,2,2,1,3,0,3,6,4,0,0,0,0,0
50023610000049,16,8,7,8,8,8,8,3,9,3,4,3,5,3,17,10,3,4,2,2,2,16,2,6,4,4,3,5,23,9,1,6,5,10,17,22,16,7,4,7,7,11,22,13,5,9,3,7,13,32,23,9,5,11,13,7,36,13,4,9,7,1,3,6,7,4,2,6,3,0,7,11,7,3,5,4,11,10,8,5,2,2,8,9,6,8,4,0,0,0,0,0
50023610000056,1,0,0,0,0,0,0,0,0,0,0,0,0,0,0,1,0,0,0,0,0,0,0,0,0,1,0,0,1,0,0,0,0,0,1,2,0,0,0,0,0,0,0,2,0,0,0,0,1,0,1,0,0,0,1,1,1,1,0,0,0,0,1,0,0,0,1,1,0,0,0,0,0,0,0,0,0,0,0,1,0,0,0,0,2,0,0,0,0,0,0,0
50023610000088,2,1,1,3,1,0,2,2,4,4,1,2,1,1,3,0,0,3,0,3,0,5,0,0,0,4,1,0,7,3,2,6,4,2,6,6,3,3,1,1,6,10,5,5,4,2,2,6,4,6,2,3,2,6,2,0,8,5,3,0,1,0,4,2,4,1,1,2,0,2,3,0,0,0,2,1,1,3,1,1,0,0,3,3,1,5,0,0,0,0,0,0
50023710000041,8,5,8,5,6,8,3,0,0,0,0,0,0,1,1,0,0,0,0,0,2,3,3,0,0,0,0,3,0,6,0,0,0,1,4,6,7,0,0,0,0,1,3,0,0,0,0,0,1,1,6,0,0,1,0,0,0,0,0,0,0,0,0,1,1,0,0,0,0,2,6,2,5,6,0,0,2,2,6,1,0,0,0,2,5,2,0,0,0,0,0,0
50023710000051,0,0,0,0,0,0,0,0,0,0,0,0,0,0,0,0,0,0,0,0,0,0,0,0,0,0,0,0,0,1,0,6,0,6,7,16,8,6,2,5,5,8,16,13,3,0,9,3,16,14,9,2,8,3,7,12,14,14,6,10,5,2,8,5,5,3,2,3,3,4,14,6,2,3,4,2,5,7,11,4,5,0,4,10,12,8,3,0,0,0,0,0
50024110000044,0,1,0,0,0,0,0,0,0,0,0,0,0,0,0,0,0,1,0,0,0,1,0,0,0,0,1,0,0,0,0,0,0,0,0,0,3,0,0,0,0,0,0,0,0,0,0,0,0,0,0,0,0,0,0,0,0,0,0,4,1,0,1,0,1,0,0,0,0,0,0,0,0,0,0,0,0,0,0,0,0,0,0,0,0,1,0,0,0,0,0,0
50024310000019,6,0,0,3,0,0,2,0,2,1,0,1,1,1,1,0,1,0,3,4,2,0,1,0,2,0,1,1,1,0,2,1,4,0,1,1,0,1,5,2,4,1,1,1,3,5,1,0,5,1,2,2,2,1,0,1,4,3,1,2,2,2,4,2,1,2,0,1,0,2,3,1,2,0,0,1,1,2,3,0,1,0,4,3,1,1,0,0,0,0,0,0
50024310000033,0,0,0,0,0,0,0,0,0,0,0,0,0,0,0,0,0,0,0,0,0,0,0,0,0,0,0,0,0,0,0,1,0,0,0,0,0,0,0,0,0,1,0,0,0,0,0,0,0,0,0,0,0,0,0,0,0,0,0,0,0,0,0,0,0,0,0,0,0,0,0,0,0,0,0,0,0,0,0,0,0,0,0,0,0,0,0,0,0,0,0,0
